Date ID,Day of Month,Day of Week,Is Weekend,Month Name,Quarter,Month,Year,Date
0,3,1,0,October,4,10,2011,2011-10-03 00:00:00
1,14,1,0,October,4,10,2013,2013-10-14 00:00:00
2,31,2,0,December,4,12,2013,2013-12-31 00:00:00
3,5,3,0,November,4,11,2014,2014-11-05 00:00:00
4,13,6,1,December,4,12,2014,2014-12-13 00:00:00
5,7,5,1,March,1,3,2014,2014-03-07 00:00:00
6,10,1,0,January,1,1,2011,2011-01-10 00:00:00
7,16,2,0,August,3,8,2011,2011-08-16 00:00:00
8,15,4,0,December,4,12,2011,2011-12-15 00:00:00
9,1,6,1,January,1,1,2011,2011-01-01 00:00:00
10,13,6,1,August,3,8,2011,2011-08-13 00:00:00
11,11,5,1,March,1,3,2011,2011-03-11 00:00:00
12,3,4,0,March,1,3,2011,2011-03-03 00:00:00
13,2,3,0,November,4,11,2011,2011-11-02 00:00:00
14,15,3,0,June,2,6,2011,2011-06-15 00:00:00
15,7,1,0,November,4,11,2011,2011-11-07 00:00:00
16,20,2,0,December,4,12,2011,2011-12-20 00:00:00
17,23,3,0,November,4,11,2011,2011-11-23 00:00:00
18,7,5,1,January,1,1,2011,2011-01-07 00:00:00
19,24,2,0,May,2,5,2011,2011-05-24 00:00:00
20,25,5,1,February,1,2,2011,2011-02-25 00:00:00
21,19,2,0,July,3,7,2011,2011-07-19 00:00:00
22,26,1,0,December,4,12,2011,2011-12-26 00:00:00
23,22,5,1,April,2,4,2011,2011-04-22 00:00:00
24,22,4,0,December,4,12,2011,2011-12-22 00:00:00
25,26,0,0,June,2,6,2011,2011-06-26 00:00:00
26,30,5,1,November,4,11,2012,2012-11-30 00:00:00
27,31,2,0,July,3,7,2012,2012-07-31 00:00:00
28,29,4,0,November,4,11,2012,2012-11-29 00:00:00
29,9,5,1,November,4,11,2012,2012-11-09 00:00:00
30,31,5,1,August,3,8,2012,2012-08-31 00:00:00
31,19,6,1,May,2,5,2012,2012-05-19 00:00:00
32,19,1,0,March,1,3,2012,2012-03-19 00:00:00
33,28,1,0,May,2,5,2012,2012-05-28 00:00:00
34,10,1,0,December,4,12,2012,2012-12-10 00:00:00
35,16,5,1,November,4,11,2012,2012-11-16 00:00:00
36,5,4,0,January,1,1,2012,2012-01-05 00:00:00
37,20,1,0,August,3,8,2012,2012-08-20 00:00:00
38,26,1,0,November,4,11,2012,2012-11-26 00:00:00
39,8,3,0,August,3,8,2012,2012-08-08 00:00:00
40,18,2,0,September,3,9,2012,2012-09-18 00:00:00
41,9,4,0,August,3,8,2012,2012-08-09 00:00:00
42,11,2,0,June,2,6,2013,2013-06-11 00:00:00
43,7,6,1,September,3,9,2013,2013-09-07 00:00:00
44,21,2,0,May,2,5,2013,2013-05-21 00:00:00
45,26,5,1,April,2,4,2013,2013-04-26 00:00:00
46,24,6,1,August,3,8,2013,2013-08-24 00:00:00
47,18,4,0,July,3,7,2013,2013-07-18 00:00:00
48,8,5,1,March,1,3,2013,2013-03-08 00:00:00
49,2,2,0,April,2,4,2013,2013-04-02 00:00:00
50,1,3,0,May,2,5,2013,2013-05-01 00:00:00
51,5,2,0,November,4,11,2013,2013-11-05 00:00:00
52,14,4,0,March,1,3,2013,2013-03-14 00:00:00
53,23,5,1,August,3,8,2013,2013-08-23 00:00:00
54,4,1,0,February,1,2,2013,2013-02-04 00:00:00
55,10,2,0,December,4,12,2013,2013-12-10 00:00:00
56,10,3,0,July,3,7,2013,2013-07-10 00:00:00
57,26,1,0,August,3,8,2013,2013-08-26 00:00:00
58,30,5,1,August,3,8,2013,2013-08-30 00:00:00
59,12,4,0,September,3,9,2013,2013-09-12 00:00:00
60,30,1,0,September,3,9,2013,2013-09-30 00:00:00
61,1,3,0,January,1,1,2014,2014-01-01 00:00:00
62,30,2,0,December,4,12,2014,2014-12-30 00:00:00
63,27,1,0,October,4,10,2014,2014-10-27 00:00:00
64,25,4,0,December,4,12,2014,2014-12-25 00:00:00
65,18,2,0,November,4,11,2014,2014-11-18 00:00:00
66,9,1,0,June,2,6,2014,2014-06-09 00:00:00
67,1,5,1,August,3,8,2014,2014-08-01 00:00:00
68,1,6,1,November,4,11,2014,2014-11-01 00:00:00
69,6,4,0,November,4,11,2014,2014-11-06 00:00:00
70,24,5,1,January,1,1,2014,2014-01-24 00:00:00
71,4,4,0,December,4,12,2014,2014-12-04 00:00:00
72,30,1,0,June,2,6,2014,2014-06-30 00:00:00
73,24,2,0,June,2,6,2014,2014-06-24 00:00:00
74,27,6,1,December,4,12,2014,2014-12-27 00:00:00
75,20,3,0,August,3,8,2014,2014-08-20 00:00:00
76,12,4,0,June,2,6,2014,2014-06-12 00:00:00
77,14,4,0,August,3,8,2014,2014-08-14 00:00:00
78,20,2,0,May,2,5,2014,2014-05-20 00:00:00
79,13,1,0,January,1,1,2014,2014-01-13 00:00:00
80,2,0,0,March,1,3,2014,2014-03-02 00:00:00
81,5,2,0,August,3,8,2014,2014-08-05 00:00:00
82,23,3,0,July,3,7,2014,2014-07-23 00:00:00
83,31,1,0,March,1,3,2014,2014-03-31 00:00:00
84,12,3,0,March,1,3,2014,2014-03-12 00:00:00
85,27,2,0,May,2,5,2014,2014-05-27 00:00:00
86,22,3,0,January,1,1,2014,2014-01-22 00:00:00
87,11,2,0,February,1,2,2014,2014-02-11 00:00:00
88,29,3,0,January,1,1,2014,2014-01-29 00:00:00
89,12,5,1,September,3,9,2014,2014-09-12 00:00:00
90,7,5,1,November,4,11,2014,2014-11-07 00:00:00
91,30,5,1,December,4,12,2011,2011-12-30 00:00:00
92,8,3,0,June,2,6,2011,2011-06-08 00:00:00
93,23,3,0,February,1,2,2011,2011-02-23 00:00:00
94,14,3,0,September,3,9,2011,2011-09-14 00:00:00
95,25,2,0,September,3,9,2012,2012-09-25 00:00:00
96,2,5,1,November,4,11,2012,2012-11-02 00:00:00
97,2,0,0,June,2,6,2013,2013-06-02 00:00:00
98,14,3,0,August,3,8,2013,2013-08-14 00:00:00
99,7,3,0,August,3,8,2013,2013-08-07 00:00:00
100,23,3,0,January,1,1,2013,2013-01-23 00:00:00
101,10,4,0,January,1,1,2013,2013-01-10 00:00:00
102,7,1,0,January,1,1,2013,2013-01-07 00:00:00
103,11,4,0,September,3,9,2014,2014-09-11 00:00:00
104,23,4,0,October,4,10,2014,2014-10-23 00:00:00
105,16,2,0,September,3,9,2014,2014-09-16 00:00:00
106,24,1,0,February,1,2,2014,2014-02-24 00:00:00
107,13,6,1,September,3,9,2014,2014-09-13 00:00:00
108,30,6,1,August,3,8,2014,2014-08-30 00:00:00
109,1,2,0,November,4,11,2011,2011-11-01 00:00:00
110,8,2,0,November,4,11,2011,2011-11-08 00:00:00
111,24,2,0,April,2,4,2012,2012-04-24 00:00:00
112,19,4,0,April,2,4,2012,2012-04-19 00:00:00
113,28,6,1,July,3,7,2012,2012-07-28 00:00:00
114,12,1,0,August,3,8,2013,2013-08-12 00:00:00
115,20,6,1,April,2,4,2013,2013-04-20 00:00:00
116,20,5,1,December,4,12,2013,2013-12-20 00:00:00
117,10,1,0,March,1,3,2014,2014-03-10 00:00:00
118,14,3,0,December,4,12,2011,2011-12-14 00:00:00
119,17,3,0,April,2,4,2013,2013-04-17 00:00:00
120,1,2,0,February,1,2,2011,2011-02-01 00:00:00
121,8,6,1,January,1,1,2011,2011-01-08 00:00:00
122,3,4,0,February,1,2,2011,2011-02-03 00:00:00
123,10,1,0,October,4,10,2011,2011-10-10 00:00:00
124,6,4,0,January,1,1,2011,2011-01-06 00:00:00
125,21,2,0,June,2,6,2011,2011-06-21 00:00:00
126,16,6,1,July,3,7,2011,2011-07-16 00:00:00
127,20,4,0,January,1,1,2011,2011-01-20 00:00:00
128,5,1,0,December,4,12,2011,2011-12-05 00:00:00
129,3,1,0,December,4,12,2012,2012-12-03 00:00:00
130,23,1,0,January,1,1,2012,2012-01-23 00:00:00
131,15,4,0,November,4,11,2012,2012-11-15 00:00:00
132,13,3,0,June,2,6,2012,2012-06-13 00:00:00
133,20,4,0,December,4,12,2012,2012-12-20 00:00:00
134,29,6,1,September,3,9,2012,2012-09-29 00:00:00
135,27,4,0,September,3,9,2012,2012-09-27 00:00:00
136,12,1,0,November,4,11,2012,2012-11-12 00:00:00
137,20,4,0,September,3,9,2012,2012-09-20 00:00:00
138,21,6,1,July,3,7,2012,2012-07-21 00:00:00
139,4,2,0,December,4,12,2012,2012-12-04 00:00:00
140,21,4,0,November,4,11,2013,2013-11-21 00:00:00
141,25,5,1,October,4,10,2013,2013-10-25 00:00:00
142,5,3,0,June,2,6,2013,2013-06-05 00:00:00
143,14,4,0,November,4,11,2013,2013-11-14 00:00:00
144,28,2,0,May,2,5,2013,2013-05-28 00:00:00
145,28,4,0,March,1,3,2013,2013-03-28 00:00:00
146,30,3,0,October,4,10,2013,2013-10-30 00:00:00
147,27,5,1,December,4,12,2013,2013-12-27 00:00:00
148,13,3,0,November,4,11,2013,2013-11-13 00:00:00
149,6,5,1,December,4,12,2013,2013-12-06 00:00:00
150,11,5,1,April,2,4,2014,2014-04-11 00:00:00
151,5,5,1,December,4,12,2014,2014-12-05 00:00:00
152,17,5,1,October,4,10,2014,2014-10-17 00:00:00
153,28,3,0,May,2,5,2014,2014-05-28 00:00:00
154,25,4,0,September,3,9,2014,2014-09-25 00:00:00
155,22,6,1,November,4,11,2014,2014-11-22 00:00:00
156,31,0,0,August,3,8,2014,2014-08-31 00:00:00
157,10,3,0,December,4,12,2014,2014-12-10 00:00:00
158,19,3,0,February,1,2,2014,2014-02-19 00:00:00
159,12,6,1,April,2,4,2014,2014-04-12 00:00:00
160,25,1,0,August,3,8,2014,2014-08-25 00:00:00
161,15,5,1,August,3,8,2014,2014-08-15 00:00:00
162,31,3,0,December,4,12,2014,2014-12-31 00:00:00
163,7,4,0,August,3,8,2014,2014-08-07 00:00:00
164,4,2,0,November,4,11,2014,2014-11-04 00:00:00
165,18,4,0,September,3,9,2014,2014-09-18 00:00:00
166,2,5,1,September,3,9,2011,2011-09-02 00:00:00
167,28,1,0,March,1,3,2011,2011-03-28 00:00:00
168,5,4,0,May,2,5,2011,2011-05-05 00:00:00
169,20,3,0,April,2,4,2011,2011-04-20 00:00:00
170,18,4,0,August,3,8,2011,2011-08-18 00:00:00
171,29,5,1,July,3,7,2011,2011-07-29 00:00:00
172,11,1,0,June,2,6,2012,2012-06-11 00:00:00
173,22,6,1,December,4,12,2012,2012-12-22 00:00:00
174,21,5,1,December,4,12,2012,2012-12-21 00:00:00
175,12,4,0,April,2,4,2012,2012-04-12 00:00:00
176,16,1,0,July,3,7,2012,2012-07-16 00:00:00
177,12,2,0,June,2,6,2012,2012-06-12 00:00:00
178,29,1,0,October,4,10,2012,2012-10-29 00:00:00
179,26,4,0,September,3,9,2013,2013-09-26 00:00:00
180,5,5,1,July,3,7,2013,2013-07-05 00:00:00
181,26,2,0,March,1,3,2013,2013-03-26 00:00:00
182,20,2,0,August,3,8,2013,2013-08-20 00:00:00
183,15,1,0,April,2,4,2013,2013-04-15 00:00:00
184,22,2,0,October,4,10,2013,2013-10-22 00:00:00
185,26,4,0,June,2,6,2014,2014-06-26 00:00:00
186,3,3,0,September,3,9,2014,2014-09-03 00:00:00
187,2,3,0,July,3,7,2014,2014-07-02 00:00:00
188,17,3,0,December,4,12,2014,2014-12-17 00:00:00
189,17,1,0,February,1,2,2014,2014-02-17 00:00:00
190,27,3,0,August,3,8,2014,2014-08-27 00:00:00
191,26,3,0,November,4,11,2014,2014-11-26 00:00:00
192,20,4,0,March,1,3,2014,2014-03-20 00:00:00
193,14,1,0,July,3,7,2014,2014-07-14 00:00:00
194,26,3,0,March,1,3,2014,2014-03-26 00:00:00
195,8,1,0,September,3,9,2014,2014-09-08 00:00:00
196,26,2,0,August,3,8,2014,2014-08-26 00:00:00
197,4,1,0,August,3,8,2014,2014-08-04 00:00:00
198,20,5,1,September,3,9,2013,2013-09-20 00:00:00
199,2,5,1,December,4,12,2011,2011-12-02 00:00:00
200,21,3,0,March,1,3,2012,2012-03-21 00:00:00
201,6,1,0,August,3,8,2012,2012-08-06 00:00:00
202,21,5,1,June,2,6,2013,2013-06-21 00:00:00
203,12,3,0,February,1,2,2014,2014-02-12 00:00:00
204,29,6,1,January,1,1,2011,2011-01-29 00:00:00
205,21,3,0,September,3,9,2011,2011-09-21 00:00:00
206,28,4,0,April,2,4,2011,2011-04-28 00:00:00
207,4,5,1,November,4,11,2011,2011-11-04 00:00:00
208,19,1,0,November,4,11,2012,2012-11-19 00:00:00
209,7,5,1,September,3,9,2012,2012-09-07 00:00:00
210,29,5,1,June,2,6,2012,2012-06-29 00:00:00
211,16,1,0,April,2,4,2012,2012-04-16 00:00:00
212,30,1,0,December,4,12,2013,2013-12-30 00:00:00
213,2,5,1,August,3,8,2013,2013-08-02 00:00:00
214,28,4,0,November,4,11,2013,2013-11-28 00:00:00
215,22,0,0,September,3,9,2013,2013-09-22 00:00:00
216,28,5,1,February,1,2,2014,2014-02-28 00:00:00
217,3,2,0,June,2,6,2014,2014-06-03 00:00:00
218,4,4,0,September,3,9,2014,2014-09-04 00:00:00
219,19,5,1,September,3,9,2014,2014-09-19 00:00:00
220,13,5,1,June,2,6,2014,2014-06-13 00:00:00
221,10,1,0,February,1,2,2014,2014-02-10 00:00:00
222,27,4,0,November,4,11,2014,2014-11-27 00:00:00
223,9,0,0,March,1,3,2014,2014-03-09 00:00:00
224,12,5,1,August,3,8,2011,2011-08-12 00:00:00
225,29,1,0,August,3,8,2011,2011-08-29 00:00:00
226,21,1,0,November,4,11,2011,2011-11-21 00:00:00
227,27,6,1,August,3,8,2011,2011-08-27 00:00:00
228,16,4,0,August,3,8,2012,2012-08-16 00:00:00
229,11,2,0,September,3,9,2012,2012-09-11 00:00:00
230,6,4,0,September,3,9,2012,2012-09-06 00:00:00
231,14,5,1,December,4,12,2012,2012-12-14 00:00:00
232,23,1,0,July,3,7,2012,2012-07-23 00:00:00
233,28,3,0,March,1,3,2012,2012-03-28 00:00:00
234,8,5,1,June,2,6,2012,2012-06-08 00:00:00
235,1,3,0,February,1,2,2012,2012-02-01 00:00:00
236,22,3,0,August,3,8,2012,2012-08-22 00:00:00
237,8,4,0,August,3,8,2013,2013-08-08 00:00:00
238,11,3,0,December,4,12,2013,2013-12-11 00:00:00
239,8,5,1,November,4,11,2013,2013-11-08 00:00:00
240,25,2,0,June,2,6,2013,2013-06-25 00:00:00
241,17,3,0,July,3,7,2013,2013-07-17 00:00:00
242,9,2,0,July,3,7,2013,2013-07-09 00:00:00
243,6,3,0,November,4,11,2013,2013-11-06 00:00:00
244,15,5,1,November,4,11,2013,2013-11-15 00:00:00
245,25,3,0,June,2,6,2014,2014-06-25 00:00:00
246,6,3,0,August,3,8,2014,2014-08-06 00:00:00
247,8,5,1,August,3,8,2014,2014-08-08 00:00:00
248,29,1,0,September,3,9,2014,2014-09-29 00:00:00
249,7,5,1,February,1,2,2014,2014-02-07 00:00:00
250,10,5,1,January,1,1,2014,2014-01-10 00:00:00
251,6,5,1,June,2,6,2014,2014-06-06 00:00:00
252,11,4,0,December,4,12,2014,2014-12-11 00:00:00
253,28,5,1,March,1,3,2014,2014-03-28 00:00:00
254,8,2,0,July,3,7,2014,2014-07-08 00:00:00
255,5,4,0,June,2,6,2014,2014-06-05 00:00:00
256,17,2,0,June,2,6,2014,2014-06-17 00:00:00
257,15,2,0,July,3,7,2014,2014-07-15 00:00:00
258,6,6,1,August,3,8,2011,2011-08-06 00:00:00
259,23,5,1,December,4,12,2011,2011-12-23 00:00:00
260,25,1,0,July,3,7,2011,2011-07-25 00:00:00
261,10,2,0,May,2,5,2011,2011-05-10 00:00:00
262,3,1,0,September,3,9,2012,2012-09-03 00:00:00
263,1,4,0,November,4,11,2012,2012-11-01 00:00:00
264,27,2,0,November,4,11,2012,2012-11-27 00:00:00
265,20,2,0,November,4,11,2012,2012-11-20 00:00:00
266,20,3,0,June,2,6,2012,2012-06-20 00:00:00
267,1,5,1,June,2,6,2012,2012-06-01 00:00:00
268,5,5,1,October,4,10,2012,2012-10-05 00:00:00
269,17,2,0,July,3,7,2012,2012-07-17 00:00:00
270,19,2,0,November,4,11,2013,2013-11-19 00:00:00
271,11,1,0,November,4,11,2013,2013-11-11 00:00:00
272,11,3,0,September,3,9,2013,2013-09-11 00:00:00
273,17,2,0,December,4,12,2013,2013-12-17 00:00:00
274,6,4,0,June,2,6,2013,2013-06-06 00:00:00
275,31,4,0,January,1,1,2013,2013-01-31 00:00:00
276,20,6,1,July,3,7,2013,2013-07-20 00:00:00
277,9,1,0,September,3,9,2013,2013-09-09 00:00:00
278,7,6,1,June,2,6,2014,2014-06-07 00:00:00
279,1,6,1,March,1,3,2014,2014-03-01 00:00:00
280,9,6,1,August,3,8,2014,2014-08-09 00:00:00
281,13,4,0,February,1,2,2014,2014-02-13 00:00:00
282,28,1,0,April,2,4,2014,2014-04-28 00:00:00
283,3,2,0,May,2,5,2011,2011-05-03 00:00:00
284,14,3,0,November,4,11,2012,2012-11-14 00:00:00
285,7,3,0,September,3,9,2011,2011-09-07 00:00:00
286,8,5,1,July,3,7,2011,2011-07-08 00:00:00
287,14,1,0,March,1,3,2011,2011-03-14 00:00:00
288,8,5,1,April,2,4,2011,2011-04-08 00:00:00
289,25,3,0,May,2,5,2011,2011-05-25 00:00:00
290,18,1,0,April,2,4,2011,2011-04-18 00:00:00
291,16,5,1,December,4,12,2011,2011-12-16 00:00:00
292,24,4,0,November,4,11,2011,2011-11-24 00:00:00
293,26,6,1,March,1,3,2011,2011-03-26 00:00:00
294,19,3,0,October,4,10,2011,2011-10-19 00:00:00
295,2,4,0,June,2,6,2011,2011-06-02 00:00:00
296,21,5,1,October,4,10,2011,2011-10-21 00:00:00
297,19,6,1,November,4,11,2011,2011-11-19 00:00:00
298,9,5,1,December,4,12,2011,2011-12-09 00:00:00
299,7,3,0,December,4,12,2011,2011-12-07 00:00:00
300,12,1,0,September,3,9,2011,2011-09-12 00:00:00
301,28,1,0,November,4,11,2011,2011-11-28 00:00:00
302,31,4,0,March,1,3,2011,2011-03-31 00:00:00
303,17,4,0,November,4,11,2011,2011-11-17 00:00:00
304,28,5,1,October,4,10,2011,2011-10-28 00:00:00
305,30,5,1,September,3,9,2011,2011-09-30 00:00:00
306,4,2,0,October,4,10,2011,2011-10-04 00:00:00
307,29,4,0,December,4,12,2011,2011-12-29 00:00:00
308,24,1,0,January,1,1,2011,2011-01-24 00:00:00
309,6,3,0,April,2,4,2011,2011-04-06 00:00:00
310,9,5,1,September,3,9,2011,2011-09-09 00:00:00
311,5,2,0,April,2,4,2011,2011-04-05 00:00:00
312,23,6,1,July,3,7,2011,2011-07-23 00:00:00
313,17,1,0,October,4,10,2011,2011-10-17 00:00:00
314,22,4,0,September,3,9,2011,2011-09-22 00:00:00
315,9,3,0,November,4,11,2011,2011-11-09 00:00:00
316,5,2,0,July,3,7,2011,2011-07-05 00:00:00
317,26,5,1,August,3,8,2011,2011-08-26 00:00:00
318,16,0,0,January,1,1,2011,2011-01-16 00:00:00
319,18,3,0,May,2,5,2011,2011-05-18 00:00:00
320,30,1,0,May,2,5,2011,2011-05-30 00:00:00
321,30,3,0,November,4,11,2011,2011-11-30 00:00:00
322,25,4,0,August,3,8,2011,2011-08-25 00:00:00
323,24,4,0,February,1,2,2011,2011-02-24 00:00:00
324,4,2,0,January,1,1,2011,2011-01-04 00:00:00
325,11,3,0,May,2,5,2011,2011-05-11 00:00:00
326,17,6,1,September,3,9,2011,2011-09-17 00:00:00
327,19,6,1,March,1,3,2011,2011-03-19 00:00:00
328,1,2,0,March,1,3,2011,2011-03-01 00:00:00
329,27,1,0,June,2,6,2011,2011-06-27 00:00:00
330,17,5,1,June,2,6,2011,2011-06-17 00:00:00
331,7,1,0,March,1,3,2011,2011-03-07 00:00:00
332,8,4,0,December,4,12,2011,2011-12-08 00:00:00
333,21,6,1,May,2,5,2011,2011-05-21 00:00:00
334,5,6,1,February,1,2,2011,2011-02-05 00:00:00
335,18,5,1,November,4,11,2011,2011-11-18 00:00:00
336,4,1,0,April,2,4,2011,2011-04-04 00:00:00
337,11,5,1,November,4,11,2011,2011-11-11 00:00:00
338,22,2,0,November,4,11,2011,2011-11-22 00:00:00
339,7,2,0,June,2,6,2011,2011-06-07 00:00:00
340,31,1,0,October,4,10,2011,2011-10-31 00:00:00
341,5,1,0,September,3,9,2011,2011-09-05 00:00:00
342,24,3,0,August,3,8,2011,2011-08-24 00:00:00
343,6,2,0,December,4,12,2011,2011-12-06 00:00:00
344,14,6,1,May,2,5,2011,2011-05-14 00:00:00
345,28,3,0,September,3,9,2011,2011-09-28 00:00:00
346,2,3,0,March,1,3,2011,2011-03-02 00:00:00
347,12,1,0,December,4,12,2011,2011-12-12 00:00:00
348,2,6,1,July,3,7,2011,2011-07-02 00:00:00
349,15,2,0,February,1,2,2011,2011-02-15 00:00:00
350,8,2,0,February,1,2,2011,2011-02-08 00:00:00
351,29,5,1,April,2,4,2011,2011-04-29 00:00:00
352,8,4,0,September,3,9,2011,2011-09-08 00:00:00
353,7,1,0,February,1,2,2011,2011-02-07 00:00:00
354,2,0,0,October,4,10,2011,2011-10-02 00:00:00
355,24,1,0,October,4,10,2011,2011-10-24 00:00:00
356,28,6,1,May,2,5,2011,2011-05-28 00:00:00
357,15,1,0,August,3,8,2011,2011-08-15 00:00:00
358,21,3,0,December,4,12,2011,2011-12-21 00:00:00
359,5,6,1,November,4,11,2011,2011-11-05 00:00:00
360,30,4,0,June,2,6,2011,2011-06-30 00:00:00
361,14,5,1,January,1,1,2011,2011-01-14 00:00:00
362,21,1,0,February,1,2,2011,2011-02-21 00:00:00
363,6,4,0,October,4,10,2011,2011-10-06 00:00:00
364,1,4,0,September,3,9,2011,2011-09-01 00:00:00
365,21,4,0,July,3,7,2011,2011-07-21 00:00:00
366,14,4,0,July,3,7,2011,2011-07-14 00:00:00
367,5,5,1,August,3,8,2011,2011-08-05 00:00:00
368,22,6,1,October,4,10,2011,2011-10-22 00:00:00
369,25,1,0,April,2,4,2011,2011-04-25 00:00:00
370,12,2,0,July,3,7,2011,2011-07-12 00:00:00
371,18,2,0,October,4,10,2011,2011-10-18 00:00:00
372,22,6,1,January,1,1,2011,2011-01-22 00:00:00
373,9,2,0,August,3,8,2011,2011-08-09 00:00:00
374,11,1,0,April,2,4,2011,2011-04-11 00:00:00
375,23,2,0,August,3,8,2011,2011-08-23 00:00:00
376,1,3,0,June,2,6,2011,2011-06-01 00:00:00
377,4,5,1,February,1,2,2011,2011-02-04 00:00:00
378,31,6,1,December,4,12,2011,2011-12-31 00:00:00
379,30,6,1,July,3,7,2011,2011-07-30 00:00:00
380,17,3,0,August,3,8,2011,2011-08-17 00:00:00
381,29,3,0,June,2,6,2011,2011-06-29 00:00:00
382,23,6,1,April,2,4,2011,2011-04-23 00:00:00
383,18,5,1,March,1,3,2011,2011-03-18 00:00:00
384,4,3,0,May,2,5,2011,2011-05-04 00:00:00
385,29,4,0,September,3,9,2011,2011-09-29 00:00:00
386,3,0,0,April,2,4,2011,2011-04-03 00:00:00
387,5,3,0,January,1,1,2011,2011-01-05 00:00:00
388,11,0,0,September,3,9,2011,2011-09-11 00:00:00
389,24,6,1,December,4,12,2011,2011-12-24 00:00:00
390,9,6,1,July,3,7,2011,2011-07-09 00:00:00
391,10,6,1,September,3,9,2011,2011-09-10 00:00:00
392,13,2,0,December,4,12,2011,2011-12-13 00:00:00
393,13,5,1,May,2,5,2011,2011-05-13 00:00:00
394,13,2,0,September,3,9,2011,2011-09-13 00:00:00
395,16,4,0,June,2,6,2011,2011-06-16 00:00:00
396,23,5,1,September,3,9,2011,2011-09-23 00:00:00
397,11,2,0,October,4,10,2011,2011-10-11 00:00:00
398,20,6,1,August,3,8,2011,2011-08-20 00:00:00
399,13,1,0,June,2,6,2011,2011-06-13 00:00:00
400,26,1,0,September,3,9,2011,2011-09-26 00:00:00
401,2,1,0,May,2,5,2011,2011-05-02 00:00:00
402,17,1,0,January,1,1,2011,2011-01-17 00:00:00
403,9,4,0,June,2,6,2011,2011-06-09 00:00:00
404,15,5,1,July,3,7,2011,2011-07-15 00:00:00
405,26,2,0,July,3,7,2011,2011-07-26 00:00:00
406,4,5,1,March,1,3,2011,2011-03-04 00:00:00
407,15,2,0,November,4,11,2011,2011-11-15 00:00:00
408,8,0,0,May,2,5,2011,2011-05-08 00:00:00
409,26,2,0,April,2,4,2011,2011-04-26 00:00:00
410,1,1,0,August,3,8,2011,2011-08-01 00:00:00
411,7,5,1,October,4,10,2011,2011-10-07 00:00:00
412,22,5,1,July,3,7,2011,2011-07-22 00:00:00
413,17,4,0,March,1,3,2011,2011-03-17 00:00:00
414,27,0,0,November,4,11,2011,2011-11-27 00:00:00
415,16,3,0,November,4,11,2011,2011-11-16 00:00:00
416,25,5,1,November,4,11,2011,2011-11-25 00:00:00
417,3,4,0,November,4,11,2011,2011-11-03 00:00:00
418,8,6,1,October,4,10,2011,2011-10-08 00:00:00
419,4,1,0,July,3,7,2011,2011-07-04 00:00:00
420,27,2,0,December,4,12,2011,2011-12-27 00:00:00
421,20,2,0,September,3,9,2011,2011-09-20 00:00:00
422,1,4,0,December,4,12,2011,2011-12-01 00:00:00
423,19,1,0,December,4,12,2011,2011-12-19 00:00:00
424,23,3,0,March,1,3,2011,2011-03-23 00:00:00
425,27,2,0,September,3,9,2011,2011-09-27 00:00:00
426,6,0,0,November,4,11,2011,2011-11-06 00:00:00
427,10,4,0,November,4,11,2011,2011-11-10 00:00:00
428,6,5,1,May,2,5,2011,2011-05-06 00:00:00
429,19,5,1,August,3,8,2011,2011-08-19 00:00:00
430,13,3,0,April,2,4,2011,2011-04-13 00:00:00
431,17,4,0,February,1,2,2011,2011-02-17 00:00:00
432,12,6,1,November,4,11,2011,2011-11-12 00:00:00
433,3,6,1,December,4,12,2011,2011-12-03 00:00:00
434,11,1,0,July,3,7,2011,2011-07-11 00:00:00
435,22,1,0,August,3,8,2011,2011-08-22 00:00:00
436,18,1,0,July,3,7,2011,2011-07-18 00:00:00
437,13,4,0,October,4,10,2011,2011-10-13 00:00:00
438,24,6,1,September,3,9,2011,2011-09-24 00:00:00
439,19,3,0,January,1,1,2011,2011-01-19 00:00:00
440,18,6,1,June,2,6,2011,2011-06-18 00:00:00
441,17,6,1,December,4,12,2011,2011-12-17 00:00:00
442,7,4,0,April,2,4,2011,2011-04-07 00:00:00
443,27,5,1,May,2,5,2011,2011-05-27 00:00:00
444,8,1,0,August,3,8,2011,2011-08-08 00:00:00
445,22,3,0,June,2,6,2011,2011-06-22 00:00:00
446,27,3,0,July,3,7,2011,2011-07-27 00:00:00
447,26,6,1,November,4,11,2011,2011-11-26 00:00:00
448,16,1,0,May,2,5,2011,2011-05-16 00:00:00
449,3,6,1,September,3,9,2011,2011-09-03 00:00:00
450,14,1,0,November,4,11,2011,2011-11-14 00:00:00
451,3,3,0,August,3,8,2011,2011-08-03 00:00:00
452,9,3,0,February,1,2,2011,2011-02-09 00:00:00
453,23,4,0,June,2,6,2011,2011-06-23 00:00:00
454,4,4,0,August,3,8,2011,2011-08-04 00:00:00
455,11,4,0,August,3,8,2011,2011-08-11 00:00:00
456,12,4,0,May,2,5,2011,2011-05-12 00:00:00
457,4,0,0,December,4,12,2011,2011-12-04 00:00:00
458,19,1,0,September,3,9,2011,2011-09-19 00:00:00
459,12,6,1,February,1,2,2011,2011-02-12 00:00:00
460,20,3,0,July,3,7,2011,2011-07-20 00:00:00
461,25,5,1,March,1,3,2011,2011-03-25 00:00:00
462,26,4,0,May,2,5,2011,2011-05-26 00:00:00
463,12,3,0,January,1,1,2011,2011-01-12 00:00:00
464,19,4,0,May,2,5,2011,2011-05-19 00:00:00
465,6,2,0,September,3,9,2011,2011-09-06 00:00:00
466,20,5,1,May,2,5,2011,2011-05-20 00:00:00
467,30,3,0,March,1,3,2011,2011-03-30 00:00:00
468,28,4,0,July,3,7,2011,2011-07-28 00:00:00
469,6,1,0,June,2,6,2011,2011-06-06 00:00:00
470,31,1,0,January,1,1,2011,2011-01-31 00:00:00
471,6,3,0,July,3,7,2011,2011-07-06 00:00:00
472,3,5,1,June,2,6,2011,2011-06-03 00:00:00
473,29,2,0,November,4,11,2011,2011-11-29 00:00:00
474,21,4,0,April,2,4,2011,2011-04-21 00:00:00
475,20,4,0,October,4,10,2011,2011-10-20 00:00:00
476,29,2,0,March,1,3,2011,2011-03-29 00:00:00
477,9,0,0,October,4,10,2011,2011-10-09 00:00:00
478,15,4,0,September,3,9,2011,2011-09-15 00:00:00
479,1,5,1,April,2,4,2011,2011-04-01 00:00:00
480,23,1,0,May,2,5,2011,2011-05-23 00:00:00
481,12,3,0,October,4,10,2011,2011-10-12 00:00:00
482,25,2,0,October,4,10,2011,2011-10-25 00:00:00
483,21,1,0,March,1,3,2011,2011-03-21 00:00:00
484,20,0,0,November,4,11,2011,2011-11-20 00:00:00
485,14,2,0,June,2,6,2011,2011-06-14 00:00:00
486,2,3,0,February,1,2,2011,2011-02-02 00:00:00
487,28,2,0,June,2,6,2011,2011-06-28 00:00:00
488,16,5,1,September,3,9,2011,2011-09-16 00:00:00
489,28,3,0,December,4,12,2011,2011-12-28 00:00:00
490,25,0,0,September,3,9,2011,2011-09-25 00:00:00
491,12,2,0,April,2,4,2011,2011-04-12 00:00:00
492,15,6,1,October,4,10,2011,2011-10-15 00:00:00
493,31,3,0,August,3,8,2011,2011-08-31 00:00:00
494,24,4,0,March,1,3,2011,2011-03-24 00:00:00
495,22,0,0,May,2,5,2011,2011-05-22 00:00:00
496,10,5,1,June,2,6,2011,2011-06-10 00:00:00
497,30,2,0,August,3,8,2011,2011-08-30 00:00:00
498,4,6,1,June,2,6,2011,2011-06-04 00:00:00
499,22,2,0,March,1,3,2011,2011-03-22 00:00:00
500,27,4,0,October,4,10,2011,2011-10-27 00:00:00
501,10,6,1,December,4,12,2011,2011-12-10 00:00:00
502,21,5,1,January,1,1,2011,2011-01-21 00:00:00
503,17,2,0,May,2,5,2011,2011-05-17 00:00:00
504,11,2,0,January,1,1,2011,2011-01-11 00:00:00
505,15,6,1,January,1,1,2011,2011-01-15 00:00:00
506,15,2,0,March,1,3,2011,2011-03-15 00:00:00
507,2,0,0,January,1,1,2011,2011-01-02 00:00:00
508,14,5,1,October,4,10,2011,2011-10-14 00:00:00
509,5,3,0,October,4,10,2011,2011-10-05 00:00:00
510,19,6,1,February,1,2,2011,2011-02-19 00:00:00
511,1,5,1,July,3,7,2011,2011-07-01 00:00:00
512,18,5,1,February,1,2,2011,2011-02-18 00:00:00
513,29,6,1,October,4,10,2011,2011-10-29 00:00:00
514,16,6,1,April,2,4,2011,2011-04-16 00:00:00
515,30,6,1,April,2,4,2011,2011-04-30 00:00:00
516,28,1,0,February,1,2,2011,2011-02-28 00:00:00
517,16,3,0,March,1,3,2011,2011-03-16 00:00:00
518,19,2,0,April,2,4,2011,2011-04-19 00:00:00
519,9,1,0,May,2,5,2011,2011-05-09 00:00:00
520,25,6,1,June,2,6,2011,2011-06-25 00:00:00
521,24,5,1,June,2,6,2011,2011-06-24 00:00:00
522,2,6,1,April,2,4,2011,2011-04-02 00:00:00
523,26,3,0,October,4,10,2011,2011-10-26 00:00:00
524,22,2,0,February,1,2,2011,2011-02-22 00:00:00
525,16,3,0,February,1,2,2011,2011-02-16 00:00:00
526,31,2,0,May,2,5,2011,2011-05-31 00:00:00
527,7,6,1,May,2,5,2011,2011-05-07 00:00:00
528,20,1,0,June,2,6,2011,2011-06-20 00:00:00
529,27,4,0,January,1,1,2011,2011-01-27 00:00:00
530,5,6,1,March,1,3,2011,2011-03-05 00:00:00
531,30,0,0,October,4,10,2011,2011-10-30 00:00:00
532,8,2,0,March,1,3,2011,2011-03-08 00:00:00
533,14,4,0,April,2,4,2011,2011-04-14 00:00:00
534,14,1,0,May,2,5,2012,2012-05-14 00:00:00
535,13,5,1,April,2,4,2012,2012-04-13 00:00:00
536,17,4,0,May,2,5,2012,2012-05-17 00:00:00
537,22,4,0,November,4,11,2012,2012-11-22 00:00:00
538,19,3,0,December,4,12,2012,2012-12-19 00:00:00
539,15,6,1,September,3,9,2012,2012-09-15 00:00:00
540,16,3,0,May,2,5,2012,2012-05-16 00:00:00
541,31,4,0,May,2,5,2012,2012-05-31 00:00:00
542,6,5,1,April,2,4,2012,2012-04-06 00:00:00
543,9,1,0,April,2,4,2012,2012-04-09 00:00:00
544,9,4,0,February,1,2,2012,2012-02-09 00:00:00
545,5,3,0,December,4,12,2012,2012-12-05 00:00:00
546,10,5,1,February,1,2,2012,2012-02-10 00:00:00
547,27,1,0,August,3,8,2012,2012-08-27 00:00:00
548,9,6,1,June,2,6,2012,2012-06-09 00:00:00
549,27,4,0,December,4,12,2012,2012-12-27 00:00:00
550,4,2,0,September,3,9,2012,2012-09-04 00:00:00
551,12,3,0,September,3,9,2012,2012-09-12 00:00:00
552,21,5,1,September,3,9,2012,2012-09-21 00:00:00
553,22,6,1,September,3,9,2012,2012-09-22 00:00:00
554,12,5,1,October,4,10,2012,2012-10-12 00:00:00
555,29,3,0,February,1,2,2012,2012-02-29 00:00:00
556,24,5,1,August,3,8,2012,2012-08-24 00:00:00
557,18,3,0,April,2,4,2012,2012-04-18 00:00:00
558,21,3,0,November,4,11,2012,2012-11-21 00:00:00
559,21,1,0,May,2,5,2012,2012-05-21 00:00:00
560,7,3,0,November,4,11,2012,2012-11-07 00:00:00
561,5,4,0,April,2,4,2012,2012-04-05 00:00:00
562,3,5,1,February,1,2,2012,2012-02-03 00:00:00
563,24,2,0,July,3,7,2012,2012-07-24 00:00:00
564,30,3,0,May,2,5,2012,2012-05-30 00:00:00
565,8,6,1,December,4,12,2012,2012-12-08 00:00:00
566,30,1,0,April,2,4,2012,2012-04-30 00:00:00
567,1,6,1,December,4,12,2012,2012-12-01 00:00:00
568,28,4,0,June,2,6,2012,2012-06-28 00:00:00
569,26,1,0,March,1,3,2012,2012-03-26 00:00:00
570,24,1,0,September,3,9,2012,2012-09-24 00:00:00
571,5,1,0,November,4,11,2012,2012-11-05 00:00:00
572,6,1,0,February,1,2,2012,2012-02-06 00:00:00
573,1,4,0,March,1,3,2012,2012-03-01 00:00:00
574,27,1,0,February,1,2,2012,2012-02-27 00:00:00
575,4,3,0,January,1,1,2012,2012-01-04 00:00:00
576,29,2,0,May,2,5,2012,2012-05-29 00:00:00
577,11,2,0,December,4,12,2012,2012-12-11 00:00:00
578,1,2,0,May,2,5,2012,2012-05-01 00:00:00
579,2,2,0,October,4,10,2012,2012-10-02 00:00:00
580,2,1,0,January,1,1,2012,2012-01-02 00:00:00
581,1,6,1,September,3,9,2012,2012-09-01 00:00:00
582,30,5,1,March,1,3,2012,2012-03-30 00:00:00
583,13,2,0,November,4,11,2012,2012-11-13 00:00:00
584,5,3,0,September,3,9,2012,2012-09-05 00:00:00
585,6,2,0,November,4,11,2012,2012-11-06 00:00:00
586,24,6,1,November,4,11,2012,2012-11-24 00:00:00
587,29,4,0,March,1,3,2012,2012-03-29 00:00:00
588,18,4,0,October,4,10,2012,2012-10-18 00:00:00
589,8,4,0,March,1,3,2012,2012-03-08 00:00:00
590,8,4,0,November,4,11,2012,2012-11-08 00:00:00
591,18,6,1,February,1,2,2012,2012-02-18 00:00:00
592,25,4,0,October,4,10,2012,2012-10-25 00:00:00
593,2,5,1,March,1,3,2012,2012-03-02 00:00:00
594,23,6,1,June,2,6,2012,2012-06-23 00:00:00
595,20,2,0,March,1,3,2012,2012-03-20 00:00:00
596,28,5,1,September,3,9,2012,2012-09-28 00:00:00
597,10,2,0,July,3,7,2012,2012-07-10 00:00:00
598,18,2,0,December,4,12,2012,2012-12-18 00:00:00
599,21,6,1,April,2,4,2012,2012-04-21 00:00:00
600,28,2,0,August,3,8,2012,2012-08-28 00:00:00
601,3,4,0,May,2,5,2012,2012-05-03 00:00:00
602,29,3,0,August,3,8,2012,2012-08-29 00:00:00
603,6,5,1,July,3,7,2012,2012-07-06 00:00:00
604,10,1,0,September,3,9,2012,2012-09-10 00:00:00
605,5,1,0,March,1,3,2012,2012-03-05 00:00:00
606,20,5,1,April,2,4,2012,2012-04-20 00:00:00
607,23,2,0,October,4,10,2012,2012-10-23 00:00:00
608,31,1,0,December,4,12,2012,2012-12-31 00:00:00
609,26,4,0,January,1,1,2012,2012-01-26 00:00:00
610,15,6,1,December,4,12,2012,2012-12-15 00:00:00
611,25,5,1,May,2,5,2012,2012-05-25 00:00:00
612,10,3,0,October,4,10,2012,2012-10-10 00:00:00
613,8,2,0,May,2,5,2012,2012-05-08 00:00:00
614,9,5,1,March,1,3,2012,2012-03-09 00:00:00
615,4,5,1,May,2,5,2012,2012-05-04 00:00:00
616,17,6,1,March,1,3,2012,2012-03-17 00:00:00
617,4,3,0,April,2,4,2012,2012-04-04 00:00:00
618,16,2,0,October,4,10,2012,2012-10-16 00:00:00
619,17,6,1,November,4,11,2012,2012-11-17 00:00:00
620,12,3,0,December,4,12,2012,2012-12-12 00:00:00
621,26,3,0,December,4,12,2012,2012-12-26 00:00:00
622,9,1,0,July,3,7,2012,2012-07-09 00:00:00
623,11,3,0,April,2,4,2012,2012-04-11 00:00:00
624,18,3,0,July,3,7,2012,2012-07-18 00:00:00
625,17,5,1,August,3,8,2012,2012-08-17 00:00:00
626,23,5,1,November,4,11,2012,2012-11-23 00:00:00
627,26,3,0,September,3,9,2012,2012-09-26 00:00:00
628,28,3,0,November,4,11,2012,2012-11-28 00:00:00
629,2,1,0,July,3,7,2012,2012-07-02 00:00:00
630,25,2,0,December,4,12,2012,2012-12-25 00:00:00
631,19,2,0,June,2,6,2012,2012-06-19 00:00:00
632,11,0,0,November,4,11,2012,2012-11-11 00:00:00
633,13,1,0,August,3,8,2012,2012-08-13 00:00:00
634,11,4,0,October,4,10,2012,2012-10-11 00:00:00
635,16,5,1,March,1,3,2012,2012-03-16 00:00:00
636,5,0,0,August,3,8,2012,2012-08-05 00:00:00
637,25,3,0,April,2,4,2012,2012-04-25 00:00:00
638,12,4,0,July,3,7,2012,2012-07-12 00:00:00
639,2,4,0,August,3,8,2012,2012-08-02 00:00:00
640,19,5,1,October,4,10,2012,2012-10-19 00:00:00
641,13,5,1,July,3,7,2012,2012-07-13 00:00:00
642,13,2,0,March,1,3,2012,2012-03-13 00:00:00
643,13,6,1,October,4,10,2012,2012-10-13 00:00:00
644,23,4,0,August,3,8,2012,2012-08-23 00:00:00
645,8,3,0,February,1,2,2012,2012-02-08 00:00:00
646,5,2,0,June,2,6,2012,2012-06-05 00:00:00
647,1,1,0,October,4,10,2012,2012-10-01 00:00:00
648,13,4,0,September,3,9,2012,2012-09-13 00:00:00
649,19,3,0,September,3,9,2012,2012-09-19 00:00:00
650,14,5,1,September,3,9,2012,2012-09-14 00:00:00
651,26,2,0,June,2,6,2012,2012-06-26 00:00:00
652,25,1,0,June,2,6,2012,2012-06-25 00:00:00
653,15,3,0,February,1,2,2012,2012-02-15 00:00:00
654,28,6,1,January,1,1,2012,2012-01-28 00:00:00
655,2,3,0,May,2,5,2012,2012-05-02 00:00:00
656,5,4,0,July,3,7,2012,2012-07-05 00:00:00
657,14,6,1,April,2,4,2012,2012-04-14 00:00:00
658,14,2,0,February,1,2,2012,2012-02-14 00:00:00
659,23,0,0,December,4,12,2012,2012-12-23 00:00:00
660,22,4,0,March,1,3,2012,2012-03-22 00:00:00
661,24,6,1,March,1,3,2012,2012-03-24 00:00:00
662,24,3,0,October,4,10,2012,2012-10-24 00:00:00
663,16,6,1,June,2,6,2012,2012-06-16 00:00:00
664,23,3,0,May,2,5,2012,2012-05-23 00:00:00
665,9,1,0,January,1,1,2012,2012-01-09 00:00:00
666,11,6,1,August,3,8,2012,2012-08-11 00:00:00
667,28,5,1,December,4,12,2012,2012-12-28 00:00:00
668,24,1,0,December,4,12,2012,2012-12-24 00:00:00
669,14,4,0,June,2,6,2012,2012-06-14 00:00:00
670,28,6,1,April,2,4,2012,2012-04-28 00:00:00
671,3,6,1,November,4,11,2012,2012-11-03 00:00:00
672,3,2,0,January,1,1,2012,2012-01-03 00:00:00
673,4,4,0,October,4,10,2012,2012-10-04 00:00:00
674,10,5,1,August,3,8,2012,2012-08-10 00:00:00
675,16,4,0,February,1,2,2012,2012-02-16 00:00:00
676,10,6,1,November,4,11,2012,2012-11-10 00:00:00
677,30,1,0,January,1,1,2012,2012-01-30 00:00:00
678,21,2,0,August,3,8,2012,2012-08-21 00:00:00
679,31,3,0,October,4,10,2012,2012-10-31 00:00:00
680,26,4,0,April,2,4,2012,2012-04-26 00:00:00
681,18,1,0,June,2,6,2012,2012-06-18 00:00:00
682,21,4,0,June,2,6,2012,2012-06-21 00:00:00
683,30,2,0,October,4,10,2012,2012-10-30 00:00:00
684,9,2,0,October,4,10,2012,2012-10-09 00:00:00
685,4,3,0,July,3,7,2012,2012-07-04 00:00:00
686,27,5,1,April,2,4,2012,2012-04-27 00:00:00
687,22,5,1,June,2,6,2012,2012-06-22 00:00:00
688,3,3,0,October,4,10,2012,2012-10-03 00:00:00
689,13,4,0,December,4,12,2012,2012-12-13 00:00:00
690,8,1,0,October,4,10,2012,2012-10-08 00:00:00
691,26,4,0,July,3,7,2012,2012-07-26 00:00:00
692,12,1,0,March,1,3,2012,2012-03-12 00:00:00
693,31,6,1,March,1,3,2012,2012-03-31 00:00:00
694,3,2,0,July,3,7,2012,2012-07-03 00:00:00
695,12,4,0,January,1,1,2012,2012-01-12 00:00:00
696,24,2,0,January,1,1,2012,2012-01-24 00:00:00
697,10,4,0,May,2,5,2012,2012-05-10 00:00:00
698,8,0,0,July,3,7,2012,2012-07-08 00:00:00
699,15,1,0,October,4,10,2012,2012-10-15 00:00:00
700,21,2,0,February,1,2,2012,2012-02-21 00:00:00
701,15,5,1,June,2,6,2012,2012-06-15 00:00:00
702,23,5,1,March,1,3,2012,2012-03-23 00:00:00
703,7,6,1,April,2,4,2012,2012-04-07 00:00:00
704,7,5,1,December,4,12,2012,2012-12-07 00:00:00
705,29,6,1,December,4,12,2012,2012-12-29 00:00:00
706,12,6,1,May,2,5,2012,2012-05-12 00:00:00
707,6,4,0,December,4,12,2012,2012-12-06 00:00:00
708,23,4,0,February,1,2,2012,2012-02-23 00:00:00
709,22,3,0,February,1,2,2012,2012-02-22 00:00:00
710,30,1,0,July,3,7,2012,2012-07-30 00:00:00
711,27,2,0,March,1,3,2012,2012-03-27 00:00:00
712,17,1,0,September,3,9,2012,2012-09-17 00:00:00
713,17,1,0,December,4,12,2012,2012-12-17 00:00:00
714,10,2,0,April,2,4,2012,2012-04-10 00:00:00
715,30,0,0,December,4,12,2012,2012-12-30 00:00:00
716,11,5,1,May,2,5,2012,2012-05-11 00:00:00
717,2,1,0,April,2,4,2012,2012-04-02 00:00:00
718,11,3,0,July,3,7,2012,2012-07-11 00:00:00
719,7,1,0,May,2,5,2012,2012-05-07 00:00:00
720,13,5,1,January,1,1,2012,2012-01-13 00:00:00
721,7,2,0,August,3,8,2012,2012-08-07 00:00:00
722,15,2,0,May,2,5,2012,2012-05-15 00:00:00
723,25,3,0,July,3,7,2012,2012-07-25 00:00:00
724,26,5,1,October,4,10,2012,2012-10-26 00:00:00
725,19,4,0,January,1,1,2012,2012-01-19 00:00:00
726,7,4,0,June,2,6,2012,2012-06-07 00:00:00
727,15,3,0,August,3,8,2012,2012-08-15 00:00:00
728,6,2,0,March,1,3,2012,2012-03-06 00:00:00
729,26,6,1,May,2,5,2012,2012-05-26 00:00:00
730,14,6,1,July,3,7,2012,2012-07-14 00:00:00
731,13,0,0,May,2,5,2012,2012-05-13 00:00:00
732,7,3,0,March,1,3,2012,2012-03-07 00:00:00
733,10,6,1,March,1,3,2012,2012-03-10 00:00:00
734,7,2,0,February,1,2,2012,2012-02-07 00:00:00
735,17,2,0,April,2,4,2012,2012-04-17 00:00:00
736,20,6,1,October,4,10,2012,2012-10-20 00:00:00
737,31,2,0,January,1,1,2012,2012-01-31 00:00:00
738,6,5,1,January,1,1,2012,2012-01-06 00:00:00
739,22,2,0,May,2,5,2012,2012-05-22 00:00:00
740,22,0,0,April,2,4,2012,2012-04-22 00:00:00
741,17,2,0,January,1,1,2012,2012-01-17 00:00:00
742,8,6,1,September,3,9,2012,2012-09-08 00:00:00
743,17,3,0,October,4,10,2012,2012-10-17 00:00:00
744,20,1,0,February,1,2,2012,2012-02-20 00:00:00
745,1,3,0,August,3,8,2012,2012-08-01 00:00:00
746,20,0,0,May,2,5,2012,2012-05-20 00:00:00
747,25,6,1,February,1,2,2012,2012-02-25 00:00:00
748,15,4,0,March,1,3,2012,2012-03-15 00:00:00
749,9,3,0,May,2,5,2012,2012-05-09 00:00:00
750,9,0,0,December,4,12,2012,2012-12-09 00:00:00
751,29,0,0,April,2,4,2012,2012-04-29 00:00:00
752,4,1,0,June,2,6,2012,2012-06-04 00:00:00
753,20,5,1,July,3,7,2012,2012-07-20 00:00:00
754,28,0,0,October,4,10,2012,2012-10-28 00:00:00
755,16,0,0,December,4,12,2012,2012-12-16 00:00:00
756,14,3,0,March,1,3,2012,2012-03-14 00:00:00
757,27,5,1,January,1,1,2012,2012-01-27 00:00:00
758,18,5,1,May,2,5,2012,2012-05-18 00:00:00
759,16,0,0,September,3,9,2012,2012-09-16 00:00:00
760,25,6,1,August,3,8,2012,2012-08-25 00:00:00
761,22,1,0,October,4,10,2012,2012-10-22 00:00:00
762,2,6,1,June,2,6,2012,2012-06-02 00:00:00
763,7,0,0,October,4,10,2012,2012-10-07 00:00:00
764,7,6,1,July,3,7,2012,2012-07-07 00:00:00
765,5,0,0,February,1,2,2012,2012-02-05 00:00:00
766,25,1,0,November,4,11,2013,2013-11-25 00:00:00
767,14,6,1,December,4,12,2013,2013-12-14 00:00:00
768,21,6,1,September,3,9,2013,2013-09-21 00:00:00
769,16,1,0,December,4,12,2013,2013-12-16 00:00:00
770,13,1,0,May,2,5,2013,2013-05-13 00:00:00
771,2,6,1,November,4,11,2013,2013-11-02 00:00:00
772,27,4,0,June,2,6,2013,2013-06-27 00:00:00
773,25,3,0,September,3,9,2013,2013-09-25 00:00:00
774,8,1,0,July,3,7,2013,2013-07-08 00:00:00
775,5,2,0,February,1,2,2013,2013-02-05 00:00:00
776,26,4,0,December,4,12,2013,2013-12-26 00:00:00
777,23,2,0,April,2,4,2013,2013-04-23 00:00:00
778,15,1,0,July,3,7,2013,2013-07-15 00:00:00
779,27,3,0,February,1,2,2013,2013-02-27 00:00:00
780,3,3,0,July,3,7,2013,2013-07-03 00:00:00
781,2,4,0,May,2,5,2013,2013-05-02 00:00:00
782,19,4,0,December,4,12,2013,2013-12-19 00:00:00
783,28,4,0,February,1,2,2013,2013-02-28 00:00:00
784,19,2,0,February,1,2,2013,2013-02-19 00:00:00
785,25,3,0,December,4,12,2013,2013-12-25 00:00:00
786,4,5,1,October,4,10,2013,2013-10-04 00:00:00
787,26,3,0,June,2,6,2013,2013-06-26 00:00:00
788,24,2,0,September,3,9,2013,2013-09-24 00:00:00
789,15,5,1,March,1,3,2013,2013-03-15 00:00:00
790,25,4,0,July,3,7,2013,2013-07-25 00:00:00
791,19,5,1,July,3,7,2013,2013-07-19 00:00:00
792,28,6,1,December,4,12,2013,2013-12-28 00:00:00
793,26,5,1,July,3,7,2013,2013-07-26 00:00:00
794,12,2,0,November,4,11,2013,2013-11-12 00:00:00
795,8,6,1,June,2,6,2013,2013-06-08 00:00:00
796,23,1,0,December,4,12,2013,2013-12-23 00:00:00
797,13,4,0,June,2,6,2013,2013-06-13 00:00:00
798,13,6,1,July,3,7,2013,2013-07-13 00:00:00
799,4,1,0,March,1,3,2013,2013-03-04 00:00:00
800,4,0,0,August,3,8,2013,2013-08-04 00:00:00
801,3,5,1,May,2,5,2013,2013-05-03 00:00:00
802,2,1,0,December,4,12,2013,2013-12-02 00:00:00
803,9,2,0,April,2,4,2013,2013-04-09 00:00:00
804,4,4,0,July,3,7,2013,2013-07-04 00:00:00
805,29,5,1,November,4,11,2013,2013-11-29 00:00:00
806,3,4,0,January,1,1,2013,2013-01-03 00:00:00
807,5,4,0,December,4,12,2013,2013-12-05 00:00:00
808,31,4,0,October,4,10,2013,2013-10-31 00:00:00
809,3,2,0,December,4,12,2013,2013-12-03 00:00:00
810,13,2,0,August,3,8,2013,2013-08-13 00:00:00
811,27,2,0,August,3,8,2013,2013-08-27 00:00:00
812,6,1,0,May,2,5,2013,2013-05-06 00:00:00
813,14,6,1,September,3,9,2013,2013-09-14 00:00:00
814,21,1,0,October,4,10,2013,2013-10-21 00:00:00
815,20,4,0,June,2,6,2013,2013-06-20 00:00:00
816,16,6,1,February,1,2,2013,2013-02-16 00:00:00
817,12,4,0,December,4,12,2013,2013-12-12 00:00:00
818,18,3,0,September,3,9,2013,2013-09-18 00:00:00
819,16,6,1,November,4,11,2013,2013-11-16 00:00:00
820,19,4,0,September,3,9,2013,2013-09-19 00:00:00
821,1,2,0,October,4,10,2013,2013-10-01 00:00:00
822,3,2,0,September,3,9,2013,2013-09-03 00:00:00
823,9,6,1,March,1,3,2013,2013-03-09 00:00:00
824,20,3,0,March,1,3,2013,2013-03-20 00:00:00
825,9,4,0,May,2,5,2013,2013-05-09 00:00:00
826,17,4,0,January,1,1,2013,2013-01-17 00:00:00
827,7,4,0,February,1,2,2013,2013-02-07 00:00:00
828,27,3,0,November,4,11,2013,2013-11-27 00:00:00
829,18,2,0,June,2,6,2013,2013-06-18 00:00:00
830,22,3,0,May,2,5,2013,2013-05-22 00:00:00
831,15,6,1,June,2,6,2013,2013-06-15 00:00:00
832,9,5,1,August,3,8,2013,2013-08-09 00:00:00
833,23,6,1,March,1,3,2013,2013-03-23 00:00:00
834,29,1,0,July,3,7,2013,2013-07-29 00:00:00
835,26,2,0,November,4,11,2013,2013-11-26 00:00:00
836,31,5,1,May,2,5,2013,2013-05-31 00:00:00
837,15,3,0,May,2,5,2013,2013-05-15 00:00:00
838,7,5,1,June,2,6,2013,2013-06-07 00:00:00
839,18,4,0,April,2,4,2013,2013-04-18 00:00:00
840,9,3,0,January,1,1,2013,2013-01-09 00:00:00
841,11,1,0,March,1,3,2013,2013-03-11 00:00:00
842,10,5,1,May,2,5,2013,2013-05-10 00:00:00
843,8,5,1,February,1,2,2013,2013-02-08 00:00:00
844,4,1,0,November,4,11,2013,2013-11-04 00:00:00
845,24,4,0,January,1,1,2013,2013-01-24 00:00:00
846,11,4,0,April,2,4,2013,2013-04-11 00:00:00
847,23,1,0,September,3,9,2013,2013-09-23 00:00:00
848,7,4,0,November,4,11,2013,2013-11-07 00:00:00
849,10,2,0,September,3,9,2013,2013-09-10 00:00:00
850,29,6,1,June,2,6,2013,2013-06-29 00:00:00
851,5,1,0,August,3,8,2013,2013-08-05 00:00:00
852,6,5,1,September,3,9,2013,2013-09-06 00:00:00
853,12,2,0,February,1,2,2013,2013-02-12 00:00:00
854,8,1,0,April,2,4,2013,2013-04-08 00:00:00
855,7,4,0,March,1,3,2013,2013-03-07 00:00:00
856,22,2,0,January,1,1,2013,2013-01-22 00:00:00
857,20,3,0,November,4,11,2013,2013-11-20 00:00:00
858,1,5,1,March,1,3,2013,2013-03-01 00:00:00
859,24,3,0,July,3,7,2013,2013-07-24 00:00:00
860,2,3,0,October,4,10,2013,2013-10-02 00:00:00
861,31,3,0,July,3,7,2013,2013-07-31 00:00:00
862,13,6,1,April,2,4,2013,2013-04-13 00:00:00
863,13,3,0,February,1,2,2013,2013-02-13 00:00:00
864,13,5,1,September,3,9,2013,2013-09-13 00:00:00
865,17,6,1,August,3,8,2013,2013-08-17 00:00:00
866,27,1,0,May,2,5,2013,2013-05-27 00:00:00
867,19,2,0,March,1,3,2013,2013-03-19 00:00:00
868,12,6,1,October,4,10,2013,2013-10-12 00:00:00
869,22,5,1,November,4,11,2013,2013-11-22 00:00:00
870,19,1,0,August,3,8,2013,2013-08-19 00:00:00
871,15,2,0,October,4,10,2013,2013-10-15 00:00:00
872,9,1,0,December,4,12,2013,2013-12-09 00:00:00
873,29,3,0,May,2,5,2013,2013-05-29 00:00:00
874,25,1,0,March,1,3,2013,2013-03-25 00:00:00
875,23,2,0,July,3,7,2013,2013-07-23 00:00:00
876,10,4,0,October,4,10,2013,2013-10-10 00:00:00
877,24,2,0,December,4,12,2013,2013-12-24 00:00:00
878,30,3,0,January,1,1,2013,2013-01-30 00:00:00
879,18,1,0,March,1,3,2013,2013-03-18 00:00:00
880,13,3,0,March,1,3,2013,2013-03-13 00:00:00
881,30,2,0,July,3,7,2013,2013-07-30 00:00:00
882,2,1,0,September,3,9,2013,2013-09-02 00:00:00
883,28,1,0,October,4,10,2013,2013-10-28 00:00:00
884,28,3,0,August,3,8,2013,2013-08-28 00:00:00
885,16,1,0,September,3,9,2013,2013-09-16 00:00:00
886,18,3,0,December,4,12,2013,2013-12-18 00:00:00
887,1,0,0,September,3,9,2013,2013-09-01 00:00:00
888,5,4,0,September,3,9,2013,2013-09-05 00:00:00
889,11,6,1,May,2,5,2013,2013-05-11 00:00:00
890,10,3,0,April,2,4,2013,2013-04-10 00:00:00
891,16,2,0,April,2,4,2013,2013-04-16 00:00:00
892,7,2,0,May,2,5,2013,2013-05-07 00:00:00
893,12,2,0,March,1,3,2013,2013-03-12 00:00:00
894,18,1,0,November,4,11,2013,2013-11-18 00:00:00
895,3,0,0,February,1,2,2013,2013-02-03 00:00:00
896,16,5,1,August,3,8,2013,2013-08-16 00:00:00
897,3,4,0,October,4,10,2013,2013-10-03 00:00:00
898,12,3,0,June,2,6,2013,2013-06-12 00:00:00
899,10,6,1,August,3,8,2013,2013-08-10 00:00:00
900,22,5,1,February,1,2,2013,2013-02-22 00:00:00
901,1,5,1,November,4,11,2013,2013-11-01 00:00:00
902,15,4,0,August,3,8,2013,2013-08-15 00:00:00
903,22,6,1,June,2,6,2013,2013-06-22 00:00:00
904,29,2,0,October,4,10,2013,2013-10-29 00:00:00
905,4,4,0,April,2,4,2013,2013-04-04 00:00:00
906,10,0,0,March,1,3,2013,2013-03-10 00:00:00
907,21,4,0,February,1,2,2013,2013-02-21 00:00:00
908,5,6,1,October,4,10,2013,2013-10-05 00:00:00
909,16,3,0,January,1,1,2013,2013-01-16 00:00:00
910,4,3,0,December,4,12,2013,2013-12-04 00:00:00
911,17,5,1,May,2,5,2013,2013-05-17 00:00:00
912,16,2,0,July,3,7,2013,2013-07-16 00:00:00
913,10,1,0,June,2,6,2013,2013-06-10 00:00:00
914,5,2,0,March,1,3,2013,2013-03-05 00:00:00
915,22,4,0,August,3,8,2013,2013-08-22 00:00:00
916,19,0,0,May,2,5,2013,2013-05-19 00:00:00
917,5,5,1,April,2,4,2013,2013-04-05 00:00:00
918,28,6,1,September,3,9,2013,2013-09-28 00:00:00
919,17,2,0,September,3,9,2013,2013-09-17 00:00:00
920,3,3,0,April,2,4,2013,2013-04-03 00:00:00
921,27,3,0,March,1,3,2013,2013-03-27 00:00:00
922,1,1,0,April,2,4,2013,2013-04-01 00:00:00
923,24,3,0,April,2,4,2013,2013-04-24 00:00:00
924,16,3,0,October,4,10,2013,2013-10-16 00:00:00
925,17,0,0,November,4,11,2013,2013-11-17 00:00:00
926,6,3,0,February,1,2,2013,2013-02-06 00:00:00
927,19,5,1,April,2,4,2013,2013-04-19 00:00:00
928,11,5,1,January,1,1,2013,2013-01-11 00:00:00
929,11,4,0,July,3,7,2013,2013-07-11 00:00:00
930,11,5,1,October,4,10,2013,2013-10-11 00:00:00
931,14,5,1,June,2,6,2013,2013-06-14 00:00:00
932,20,1,0,May,2,5,2013,2013-05-20 00:00:00
933,30,6,1,March,1,3,2013,2013-03-30 00:00:00
934,8,2,0,October,4,10,2013,2013-10-08 00:00:00
935,21,4,0,March,1,3,2013,2013-03-21 00:00:00
936,31,0,0,March,1,3,2013,2013-03-31 00:00:00
937,8,3,0,May,2,5,2013,2013-05-08 00:00:00
938,15,0,0,December,4,12,2013,2013-12-15 00:00:00
939,4,6,1,May,2,5,2013,2013-05-04 00:00:00
940,29,5,1,March,1,3,2013,2013-03-29 00:00:00
941,23,6,1,November,4,11,2013,2013-11-23 00:00:00
942,19,3,0,June,2,6,2013,2013-06-19 00:00:00
943,27,5,1,September,3,9,2013,2013-09-27 00:00:00
944,17,4,0,October,4,10,2013,2013-10-17 00:00:00
945,4,3,0,September,3,9,2013,2013-09-04 00:00:00
946,24,4,0,October,4,10,2013,2013-10-24 00:00:00
947,14,1,0,January,1,1,2013,2013-01-14 00:00:00
948,1,4,0,August,3,8,2013,2013-08-01 00:00:00
949,24,5,1,May,2,5,2013,2013-05-24 00:00:00
950,14,4,0,February,1,2,2013,2013-02-14 00:00:00
951,5,6,1,January,1,1,2013,2013-01-05 00:00:00
952,1,1,0,July,3,7,2013,2013-07-01 00:00:00
953,9,3,0,October,4,10,2013,2013-10-09 00:00:00
954,25,6,1,May,2,5,2013,2013-05-25 00:00:00
955,13,5,1,December,4,12,2013,2013-12-13 00:00:00
956,17,1,0,June,2,6,2013,2013-06-17 00:00:00
957,29,1,0,April,2,4,2013,2013-04-29 00:00:00
958,29,4,0,August,3,8,2013,2013-08-29 00:00:00
959,15,2,0,January,1,1,2013,2013-01-15 00:00:00
960,21,0,0,July,3,7,2013,2013-07-21 00:00:00
961,10,0,0,November,4,11,2013,2013-11-10 00:00:00
962,25,4,0,April,2,4,2013,2013-04-25 00:00:00
963,16,6,1,March,1,3,2013,2013-03-16 00:00:00
964,26,0,0,May,2,5,2013,2013-05-26 00:00:00
965,27,6,1,April,2,4,2013,2013-04-27 00:00:00
966,2,2,0,July,3,7,2013,2013-07-02 00:00:00
967,24,1,0,June,2,6,2013,2013-06-24 00:00:00
968,30,0,0,June,2,6,2013,2013-06-30 00:00:00
969,16,4,0,May,2,5,2013,2013-05-16 00:00:00
970,18,5,1,October,4,10,2013,2013-10-18 00:00:00
971,22,1,0,July,3,7,2013,2013-07-22 00:00:00
972,23,6,1,February,1,2,2013,2013-02-23 00:00:00
973,2,6,1,February,1,2,2013,2013-02-02 00:00:00
974,22,1,0,April,2,4,2013,2013-04-22 00:00:00
975,28,1,0,January,1,1,2013,2013-01-28 00:00:00
976,23,4,0,May,2,5,2013,2013-05-23 00:00:00
977,1,6,1,June,2,6,2013,2013-06-01 00:00:00
978,21,3,0,August,3,8,2013,2013-08-21 00:00:00
979,21,6,1,December,4,12,2013,2013-12-21 00:00:00
980,9,6,1,November,4,11,2013,2013-11-09 00:00:00
981,16,0,0,June,2,6,2013,2013-06-16 00:00:00
982,14,0,0,April,2,4,2013,2013-04-14 00:00:00
983,15,0,0,September,3,9,2013,2013-09-15 00:00:00
984,26,6,1,October,4,10,2013,2013-10-26 00:00:00
985,25,5,1,January,1,1,2013,2013-01-25 00:00:00
986,28,5,1,June,2,6,2013,2013-06-28 00:00:00
987,1,5,1,February,1,2,2013,2013-02-01 00:00:00
988,3,6,1,August,3,8,2013,2013-08-03 00:00:00
989,30,4,0,May,2,5,2013,2013-05-30 00:00:00
990,1,0,0,December,4,12,2013,2013-12-01 00:00:00
991,4,5,1,January,1,1,2013,2013-01-04 00:00:00
992,18,6,1,May,2,5,2013,2013-05-18 00:00:00
993,6,6,1,April,2,4,2013,2013-04-06 00:00:00
994,24,0,0,November,4,11,2013,2013-11-24 00:00:00
995,30,6,1,November,4,11,2013,2013-11-30 00:00:00
996,2,3,0,January,1,1,2013,2013-01-02 00:00:00
997,23,3,0,October,4,10,2013,2013-10-23 00:00:00
998,7,6,1,December,4,12,2013,2013-12-07 00:00:00
999,12,0,0,May,2,5,2013,2013-05-12 00:00:00
1000,22,5,1,March,1,3,2013,2013-03-22 00:00:00
1001,4,2,0,June,2,6,2013,2013-06-04 00:00:00
1002,11,1,0,February,1,2,2013,2013-02-11 00:00:00
1003,25,1,0,February,1,2,2013,2013-02-25 00:00:00
1004,6,3,0,March,1,3,2013,2013-03-06 00:00:00
1005,31,6,1,August,3,8,2013,2013-08-31 00:00:00
1006,20,3,0,February,1,2,2013,2013-02-20 00:00:00
1007,6,2,0,August,3,8,2013,2013-08-06 00:00:00
1008,1,2,0,January,1,1,2013,2013-01-01 00:00:00
1009,3,1,0,June,2,6,2013,2013-06-03 00:00:00
1010,22,0,0,December,4,12,2013,2013-12-22 00:00:00
1011,21,1,0,January,1,1,2013,2013-01-21 00:00:00
1012,29,4,0,May,2,5,2014,2014-05-29 00:00:00
1013,21,0,0,September,3,9,2014,2014-09-21 00:00:00
1014,6,0,0,July,3,7,2014,2014-07-06 00:00:00
1015,12,5,1,December,4,12,2014,2014-12-12 00:00:00
1016,16,4,0,October,4,10,2014,2014-10-16 00:00:00
1017,30,2,0,September,3,9,2014,2014-09-30 00:00:00
1018,22,3,0,October,4,10,2014,2014-10-22 00:00:00
1019,23,2,0,December,4,12,2014,2014-12-23 00:00:00
1020,12,2,0,August,3,8,2014,2014-08-12 00:00:00
1021,1,2,0,April,2,4,2014,2014-04-01 00:00:00
1022,17,1,0,November,4,11,2014,2014-11-17 00:00:00
1023,21,1,0,April,2,4,2014,2014-04-21 00:00:00
1024,27,5,1,June,2,6,2014,2014-06-27 00:00:00
1025,14,3,0,May,2,5,2014,2014-05-14 00:00:00
1026,5,5,1,September,3,9,2014,2014-09-05 00:00:00
1027,10,3,0,September,3,9,2014,2014-09-10 00:00:00
1028,10,2,0,June,2,6,2014,2014-06-10 00:00:00
1029,20,4,0,November,4,11,2014,2014-11-20 00:00:00
1030,22,0,0,June,2,6,2014,2014-06-22 00:00:00
1031,28,5,1,November,4,11,2014,2014-11-28 00:00:00
1032,28,4,0,August,3,8,2014,2014-08-28 00:00:00
1033,3,5,1,October,4,10,2014,2014-10-03 00:00:00
1034,29,1,0,December,4,12,2014,2014-12-29 00:00:00
1035,21,6,1,June,2,6,2014,2014-06-21 00:00:00
1036,30,3,0,July,3,7,2014,2014-07-30 00:00:00
1037,25,2,0,March,1,3,2014,2014-03-25 00:00:00
1038,24,4,0,April,2,4,2014,2014-04-24 00:00:00
1039,4,6,1,October,4,10,2014,2014-10-04 00:00:00
1040,2,2,0,December,4,12,2014,2014-12-02 00:00:00
1041,25,2,0,November,4,11,2014,2014-11-25 00:00:00
1042,19,5,1,December,4,12,2014,2014-12-19 00:00:00
1043,21,0,0,December,4,12,2014,2014-12-21 00:00:00
1044,2,5,1,May,2,5,2014,2014-05-02 00:00:00
1045,1,1,0,December,4,12,2014,2014-12-01 00:00:00
1046,24,3,0,September,3,9,2014,2014-09-24 00:00:00
1047,14,6,1,June,2,6,2014,2014-06-14 00:00:00
1048,3,3,0,December,4,12,2014,2014-12-03 00:00:00
1049,16,5,1,May,2,5,2014,2014-05-16 00:00:00
1050,6,6,1,September,3,9,2014,2014-09-06 00:00:00
1051,8,4,0,May,2,5,2014,2014-05-08 00:00:00
1052,1,2,0,July,3,7,2014,2014-07-01 00:00:00
1053,23,2,0,September,3,9,2014,2014-09-23 00:00:00
1054,20,6,1,September,3,9,2014,2014-09-20 00:00:00
1055,21,2,0,October,4,10,2014,2014-10-21 00:00:00
1056,24,1,0,November,4,11,2014,2014-11-24 00:00:00
1057,14,2,0,October,4,10,2014,2014-10-14 00:00:00
1058,18,4,0,December,4,12,2014,2014-12-18 00:00:00
1059,22,2,0,July,3,7,2014,2014-07-22 00:00:00
1060,21,5,1,November,4,11,2014,2014-11-21 00:00:00
1061,24,4,0,July,3,7,2014,2014-07-24 00:00:00
1062,8,3,0,October,4,10,2014,2014-10-08 00:00:00
1063,6,6,1,December,4,12,2014,2014-12-06 00:00:00
1064,2,0,0,November,4,11,2014,2014-11-02 00:00:00
1065,31,5,1,January,1,1,2014,2014-01-31 00:00:00
1066,13,2,0,May,2,5,2014,2014-05-13 00:00:00
1067,25,6,1,January,1,1,2014,2014-01-25 00:00:00
1068,11,2,0,November,4,11,2014,2014-11-11 00:00:00
1069,30,5,1,May,2,5,2014,2014-05-30 00:00:00
1070,14,5,1,February,1,2,2014,2014-02-14 00:00:00
1071,19,3,0,November,4,11,2014,2014-11-19 00:00:00
1072,3,1,0,March,1,3,2014,2014-03-03 00:00:00
1073,21,4,0,August,3,8,2014,2014-08-21 00:00:00
1074,21,5,1,February,1,2,2014,2014-02-21 00:00:00
1075,9,4,0,October,4,10,2014,2014-10-09 00:00:00
1076,26,5,1,December,4,12,2014,2014-12-26 00:00:00
1077,23,1,0,June,2,6,2014,2014-06-23 00:00:00
1078,14,5,1,March,1,3,2014,2014-03-14 00:00:00
1079,6,2,0,May,2,5,2014,2014-05-06 00:00:00
1080,13,0,0,July,3,7,2014,2014-07-13 00:00:00
1081,24,5,1,October,4,10,2014,2014-10-24 00:00:00
1082,11,3,0,June,2,6,2014,2014-06-11 00:00:00
1083,3,4,0,April,2,4,2014,2014-04-03 00:00:00
1084,20,1,0,October,4,10,2014,2014-10-20 00:00:00
1085,13,3,0,August,3,8,2014,2014-08-13 00:00:00
1086,4,5,1,July,3,7,2014,2014-07-04 00:00:00
1087,22,1,0,December,4,12,2014,2014-12-22 00:00:00
1088,2,1,0,June,2,6,2014,2014-06-02 00:00:00
1089,15,6,1,November,4,11,2014,2014-11-15 00:00:00
1090,28,1,0,July,3,7,2014,2014-07-28 00:00:00
1091,7,1,0,April,2,4,2014,2014-04-07 00:00:00
1092,1,1,0,September,3,9,2014,2014-09-01 00:00:00
1093,2,4,0,January,1,1,2014,2014-01-02 00:00:00
1094,6,4,0,February,1,2,2014,2014-02-06 00:00:00
1095,15,1,0,December,4,12,2014,2014-12-15 00:00:00
1096,9,5,1,May,2,5,2014,2014-05-09 00:00:00
1097,2,2,0,September,3,9,2014,2014-09-02 00:00:00
1098,3,4,0,July,3,7,2014,2014-07-03 00:00:00
1099,14,0,0,December,4,12,2014,2014-12-14 00:00:00
1100,30,0,0,November,4,11,2014,2014-11-30 00:00:00
1101,17,4,0,April,2,4,2014,2014-04-17 00:00:00
1102,16,0,0,November,4,11,2014,2014-11-16 00:00:00
1103,1,4,0,May,2,5,2014,2014-05-01 00:00:00
1104,22,6,1,March,1,3,2014,2014-03-22 00:00:00
1105,9,3,0,July,3,7,2014,2014-07-09 00:00:00
1106,9,2,0,December,4,12,2014,2014-12-09 00:00:00
1107,15,1,0,September,3,9,2014,2014-09-15 00:00:00
1108,18,2,0,February,1,2,2014,2014-02-18 00:00:00
1109,7,2,0,October,4,10,2014,2014-10-07 00:00:00
1110,5,6,1,April,2,4,2014,2014-04-05 00:00:00
1111,17,4,0,July,3,7,2014,2014-07-17 00:00:00
1112,8,1,0,December,4,12,2014,2014-12-08 00:00:00
1113,28,2,0,October,4,10,2014,2014-10-28 00:00:00
1114,5,3,0,March,1,3,2014,2014-03-05 00:00:00
1115,24,3,0,December,4,12,2014,2014-12-24 00:00:00
1116,12,3,0,November,4,11,2014,2014-11-12 00:00:00
1117,8,6,1,March,1,3,2014,2014-03-08 00:00:00
1118,16,1,0,June,2,6,2014,2014-06-16 00:00:00
1119,29,3,0,October,4,10,2014,2014-10-29 00:00:00
1120,21,3,0,May,2,5,2014,2014-05-21 00:00:00
1121,25,2,0,February,1,2,2014,2014-02-25 00:00:00
1122,11,6,1,October,4,10,2014,2014-10-11 00:00:00
1123,4,6,1,January,1,1,2014,2014-01-04 00:00:00
1124,4,2,0,March,1,3,2014,2014-03-04 00:00:00
1125,26,5,1,September,3,9,2014,2014-09-26 00:00:00
1126,9,3,0,April,2,4,2014,2014-04-09 00:00:00
1127,13,1,0,October,4,10,2014,2014-10-13 00:00:00
1128,26,1,0,May,2,5,2014,2014-05-26 00:00:00
1129,19,1,0,May,2,5,2014,2014-05-19 00:00:00
1130,19,4,0,June,2,6,2014,2014-06-19 00:00:00
1131,19,2,0,August,3,8,2014,2014-08-19 00:00:00
1132,14,5,1,November,4,11,2014,2014-11-14 00:00:00
1133,10,4,0,April,2,4,2014,2014-04-10 00:00:00
1134,22,5,1,August,3,8,2014,2014-08-22 00:00:00
1135,17,3,0,September,3,9,2014,2014-09-17 00:00:00
1136,27,4,0,March,1,3,2014,2014-03-27 00:00:00
1137,15,3,0,January,1,1,2014,2014-01-15 00:00:00
1138,2,4,0,October,4,10,2014,2014-10-02 00:00:00
1139,8,6,1,November,4,11,2014,2014-11-08 00:00:00
1140,3,5,1,January,1,1,2014,2014-01-03 00:00:00
1141,4,3,0,June,2,6,2014,2014-06-04 00:00:00
1142,15,6,1,March,1,3,2014,2014-03-15 00:00:00
1143,16,3,0,April,2,4,2014,2014-04-16 00:00:00
1144,18,6,1,October,4,10,2014,2014-10-18 00:00:00
1145,9,4,0,January,1,1,2014,2014-01-09 00:00:00
1146,12,1,0,May,2,5,2014,2014-05-12 00:00:00
1147,15,4,0,May,2,5,2014,2014-05-15 00:00:00
1148,10,4,0,July,3,7,2014,2014-07-10 00:00:00
1149,13,4,0,March,1,3,2014,2014-03-13 00:00:00
1150,3,1,0,November,4,11,2014,2014-11-03 00:00:00
1151,31,6,1,May,2,5,2014,2014-05-31 00:00:00
1152,20,6,1,December,4,12,2014,2014-12-20 00:00:00
1153,25,5,1,April,2,4,2014,2014-04-25 00:00:00
1154,28,6,1,June,2,6,2014,2014-06-28 00:00:00
1155,27,4,0,February,1,2,2014,2014-02-27 00:00:00
1156,29,6,1,November,4,11,2014,2014-11-29 00:00:00
1157,28,2,0,January,1,1,2014,2014-01-28 00:00:00
1158,10,6,1,May,2,5,2014,2014-05-10 00:00:00
1159,2,3,0,April,2,4,2014,2014-04-02 00:00:00
1160,18,3,0,June,2,6,2014,2014-06-18 00:00:00
1161,21,1,0,July,3,7,2014,2014-07-21 00:00:00
1162,18,1,0,August,3,8,2014,2014-08-18 00:00:00
1163,18,5,1,April,2,4,2014,2014-04-18 00:00:00
1164,10,1,0,November,4,11,2014,2014-11-10 00:00:00
1165,16,2,0,December,4,12,2014,2014-12-16 00:00:00
1166,5,1,0,May,2,5,2014,2014-05-05 00:00:00
1167,26,6,1,April,2,4,2014,2014-04-26 00:00:00
1168,24,1,0,March,1,3,2014,2014-03-24 00:00:00
1169,29,2,0,April,2,4,2014,2014-04-29 00:00:00
1170,26,6,1,July,3,7,2014,2014-07-26 00:00:00
1171,19,3,0,March,1,3,2014,2014-03-19 00:00:00
1172,13,4,0,November,4,11,2014,2014-11-13 00:00:00
1173,20,4,0,February,1,2,2014,2014-02-20 00:00:00
1174,13,0,0,April,2,4,2014,2014-04-13 00:00:00
1175,21,5,1,March,1,3,2014,2014-03-21 00:00:00
1176,17,0,0,August,3,8,2014,2014-08-17 00:00:00
1177,1,3,0,October,4,10,2014,2014-10-01 00:00:00
1178,3,6,1,May,2,5,2014,2014-05-03 00:00:00
1179,22,1,0,September,3,9,2014,2014-09-22 00:00:00
1180,31,5,1,October,4,10,2014,2014-10-31 00:00:00
1181,2,6,1,August,3,8,2014,2014-08-02 00:00:00
1182,22,6,1,February,1,2,2014,2014-02-22 00:00:00
1183,26,3,0,February,1,2,2014,2014-02-26 00:00:00
1184,17,5,1,January,1,1,2014,2014-01-17 00:00:00
1185,29,5,1,August,3,8,2014,2014-08-29 00:00:00
1186,15,3,0,October,4,10,2014,2014-10-15 00:00:00
1187,4,2,0,February,1,2,2014,2014-02-04 00:00:00
1188,9,2,0,September,3,9,2014,2014-09-09 00:00:00
1189,30,0,0,March,1,3,2014,2014-03-30 00:00:00
1190,18,5,1,July,3,7,2014,2014-07-18 00:00:00
1191,30,3,0,April,2,4,2014,2014-04-30 00:00:00
1192,15,2,0,April,2,4,2014,2014-04-15 00:00:00
1193,4,5,1,April,2,4,2014,2014-04-04 00:00:00
1194,23,4,0,January,1,1,2014,2014-01-23 00:00:00
1195,11,5,1,July,3,7,2014,2014-07-11 00:00:00
1196,12,6,1,July,3,7,2014,2014-07-12 00:00:00
1197,3,1,0,February,1,2,2014,2014-02-03 00:00:00
1198,22,2,0,April,2,4,2014,2014-04-22 00:00:00
1199,20,5,1,June,2,6,2014,2014-06-20 00:00:00
1200,24,0,0,August,3,8,2014,2014-08-24 00:00:00
1201,17,1,0,March,1,3,2014,2014-03-17 00:00:00
1202,27,6,1,September,3,9,2014,2014-09-27 00:00:00
1203,18,2,0,March,1,3,2014,2014-03-18 00:00:00
1204,23,5,1,May,2,5,2014,2014-05-23 00:00:00
1205,29,2,0,July,3,7,2014,2014-07-29 00:00:00
1206,11,2,0,March,1,3,2014,2014-03-11 00:00:00
1207,23,6,1,August,3,8,2014,2014-08-23 00:00:00
1208,30,4,0,January,1,1,2014,2014-01-30 00:00:00
1209,6,1,0,October,4,10,2014,2014-10-06 00:00:00
1210,4,0,0,May,2,5,2014,2014-05-04 00:00:00
1211,10,5,1,October,4,10,2014,2014-10-10 00:00:00
1212,7,3,0,May,2,5,2014,2014-05-07 00:00:00
1213,28,0,0,December,4,12,2014,2014-12-28 00:00:00
1214,27,1,0,January,1,1,2014,2014-01-27 00:00:00
1215,14,1,0,April,2,4,2014,2014-04-14 00:00:00
1216,23,3,0,April,2,4,2014,2014-04-23 00:00:00
1217,16,6,1,August,3,8,2014,2014-08-16 00:00:00
1218,14,0,0,September,3,9,2014,2014-09-14 00:00:00
1219,31,4,0,July,3,7,2014,2014-07-31 00:00:00
1220,25,6,1,October,4,10,2014,2014-10-25 00:00:00
1221,11,1,0,August,3,8,2014,2014-08-11 00:00:00
1222,9,0,0,November,4,11,2014,2014-11-09 00:00:00
1223,27,0,0,April,2,4,2014,2014-04-27 00:00:00
1224,23,0,0,November,4,11,2014,2014-11-23 00:00:00
1225,21,2,0,January,1,1,2014,2014-01-21 00:00:00
1226,6,4,0,March,1,3,2014,2014-03-06 00:00:00
1227,7,2,0,January,1,1,2014,2014-01-07 00:00:00
1228,16,4,0,January,1,1,2014,2014-01-16 00:00:00
1229,20,1,0,January,1,1,2014,2014-01-20 00:00:00
1230,8,3,0,January,1,1,2014,2014-01-08 00:00:00
1231,30,4,0,October,4,10,2014,2014-10-30 00:00:00
1232,5,0,0,October,4,10,2014,2014-10-05 00:00:00
1233,24,6,1,May,2,5,2014,2014-05-24 00:00:00
1234,16,3,0,July,3,7,2014,2014-07-16 00:00:00
1235,8,2,0,April,2,4,2014,2014-04-08 00:00:00
1236,17,6,1,May,2,5,2014,2014-05-17 00:00:00
1237,22,4,0,May,2,5,2014,2014-05-22 00:00:00
1238,5,3,0,February,1,2,2014,2014-02-05 00:00:00
1239,20,0,0,April,2,4,2014,2014-04-20 00:00:00
1240,1,6,1,October,4,10,2011,2011-10-01 00:00:00
1241,4,0,0,November,4,11,2012,2012-11-04 00:00:00
1242,18,3,0,January,1,1,2012,2012-01-18 00:00:00
1243,18,1,0,February,1,2,2013,2013-02-18 00:00:00
1244,18,6,1,January,1,1,2014,2014-01-18 00:00:00
1245,6,1,0,January,1,1,2014,2014-01-06 00:00:00
1246,16,0,0,February,1,2,2014,2014-02-16 00:00:00
1247,25,5,1,July,3,7,2014,2014-07-25 00:00:00
1248,19,6,1,July,3,7,2014,2014-07-19 00:00:00
1249,2,4,0,February,1,2,2012,2012-02-02 00:00:00
1250,8,2,0,January,1,1,2013,2013-01-08 00:00:00
1251,1,6,1,February,1,2,2014,2014-02-01 00:00:00
1252,15,0,0,June,2,6,2014,2014-06-15 00:00:00
1253,13,4,0,January,1,1,2011,2011-01-13 00:00:00
1254,10,3,0,August,3,8,2011,2011-08-10 00:00:00
1255,11,6,1,June,2,6,2011,2011-06-11 00:00:00
1256,11,3,0,January,1,1,2012,2012-01-11 00:00:00
1257,27,3,0,June,2,6,2012,2012-06-27 00:00:00
1258,3,5,1,August,3,8,2012,2012-08-03 00:00:00
1259,18,5,1,January,1,1,2013,2013-01-18 00:00:00
1260,28,0,0,September,3,9,2014,2014-09-28 00:00:00
1261,15,5,1,April,2,4,2011,2011-04-15 00:00:00
1262,13,3,0,July,3,7,2011,2011-07-13 00:00:00
1263,13,0,0,November,4,11,2011,2011-11-13 00:00:00
1264,14,1,0,February,1,2,2011,2011-02-14 00:00:00
1265,21,0,0,August,3,8,2011,2011-08-21 00:00:00
1266,10,4,0,March,1,3,2011,2011-03-10 00:00:00
1267,27,3,0,April,2,4,2011,2011-04-27 00:00:00
1268,12,6,1,March,1,3,2011,2011-03-12 00:00:00
1269,26,3,0,January,1,1,2011,2011-01-26 00:00:00
1270,25,2,0,January,1,1,2011,2011-01-25 00:00:00
1271,7,4,0,July,3,7,2011,2011-07-07 00:00:00
1272,10,4,0,February,1,2,2011,2011-02-10 00:00:00
1273,9,3,0,March,1,3,2011,2011-03-09 00:00:00
1274,15,0,0,May,2,5,2011,2011-05-15 00:00:00
1275,18,2,0,January,1,1,2011,2011-01-18 00:00:00
1276,2,2,0,August,3,8,2011,2011-08-02 00:00:00
1277,31,0,0,July,3,7,2011,2011-07-31 00:00:00
1278,7,0,0,August,3,8,2011,2011-08-07 00:00:00
1279,27,0,0,March,1,3,2011,2011-03-27 00:00:00
1280,3,1,0,January,1,1,2011,2011-01-03 00:00:00
1281,18,0,0,September,3,9,2011,2011-09-18 00:00:00
1282,13,1,0,February,1,2,2012,2012-02-13 00:00:00
1283,23,1,0,April,2,4,2012,2012-04-23 00:00:00
1284,30,4,0,August,3,8,2012,2012-08-30 00:00:00
1285,27,6,1,October,4,10,2012,2012-10-27 00:00:00
1286,16,1,0,January,1,1,2012,2012-01-16 00:00:00
1287,6,3,0,June,2,6,2012,2012-06-06 00:00:00
1288,18,6,1,August,3,8,2012,2012-08-18 00:00:00
1289,25,3,0,January,1,1,2012,2012-01-25 00:00:00
1290,30,6,1,June,2,6,2012,2012-06-30 00:00:00
1291,10,2,0,January,1,1,2012,2012-01-10 00:00:00
1292,14,6,1,January,1,1,2012,2012-01-14 00:00:00
1293,11,6,1,February,1,2,2012,2012-02-11 00:00:00
1294,14,2,0,August,3,8,2012,2012-08-14 00:00:00
1295,3,2,0,April,2,4,2012,2012-04-03 00:00:00
1296,2,0,0,September,3,9,2012,2012-09-02 00:00:00
1297,28,2,0,February,1,2,2012,2012-02-28 00:00:00
1298,20,5,1,January,1,1,2012,2012-01-20 00:00:00
1299,12,0,0,August,3,8,2012,2012-08-12 00:00:00
1300,7,6,1,January,1,1,2012,2012-01-07 00:00:00
1301,3,6,1,March,1,3,2012,2012-03-03 00:00:00
1302,24,4,0,May,2,5,2012,2012-05-24 00:00:00
1303,4,6,1,August,3,8,2012,2012-08-04 00:00:00
1304,17,5,1,February,1,2,2012,2012-02-17 00:00:00
1305,22,0,0,January,1,1,2012,2012-01-22 00:00:00
1306,27,5,1,July,3,7,2012,2012-07-27 00:00:00
1307,1,0,0,July,3,7,2012,2012-07-01 00:00:00
1308,26,6,1,January,1,1,2013,2013-01-26 00:00:00
1309,19,6,1,January,1,1,2013,2013-01-19 00:00:00
1310,11,0,0,August,3,8,2013,2013-08-11 00:00:00
1311,29,2,0,January,1,1,2013,2013-01-29 00:00:00
1312,30,2,0,April,2,4,2013,2013-04-30 00:00:00
1313,3,0,0,March,1,3,2013,2013-03-03 00:00:00
1314,23,0,0,June,2,6,2013,2013-06-23 00:00:00
1315,15,5,1,February,1,2,2013,2013-02-15 00:00:00
1316,26,2,0,February,1,2,2013,2013-02-26 00:00:00
1317,12,5,1,July,3,7,2013,2013-07-12 00:00:00
1318,6,6,1,July,3,7,2013,2013-07-06 00:00:00
1319,12,6,1,January,1,1,2013,2013-01-12 00:00:00
1320,9,0,0,June,2,6,2013,2013-06-09 00:00:00
1321,25,0,0,August,3,8,2013,2013-08-25 00:00:00
1322,14,2,0,May,2,5,2013,2013-05-14 00:00:00
1323,2,6,1,March,1,3,2013,2013-03-02 00:00:00
1324,27,0,0,January,1,1,2013,2013-01-27 00:00:00
1325,7,0,0,April,2,4,2013,2013-04-07 00:00:00
1326,29,0,0,September,3,9,2013,2013-09-29 00:00:00
1327,14,0,0,July,3,7,2013,2013-07-14 00:00:00
1328,5,6,1,July,3,7,2014,2014-07-05 00:00:00
1329,8,6,1,February,1,2,2014,2014-02-08 00:00:00
1330,14,2,0,January,1,1,2014,2014-01-14 00:00:00
1331,7,1,0,July,3,7,2014,2014-07-07 00:00:00
1332,27,0,0,July,3,7,2014,2014-07-27 00:00:00
1333,29,6,1,March,1,3,2014,2014-03-29 00:00:00
1334,15,6,1,February,1,2,2014,2014-02-15 00:00:00
1335,6,0,0,April,2,4,2014,2014-04-06 00:00:00
1336,19,6,1,April,2,4,2014,2014-04-19 00:00:00
1337,5,0,0,January,1,1,2014,2014-01-05 00:00:00
1338,26,0,0,January,1,1,2014,2014-01-26 00:00:00
1339,3,0,0,August,3,8,2014,2014-08-03 00:00:00
1340,23,0,0,March,1,3,2014,2014-03-23 00:00:00
1341,23,0,0,February,1,2,2014,2014-02-23 00:00:00
1342,11,6,1,January,1,1,2014,2014-01-11 00:00:00
1343,8,0,0,June,2,6,2014,2014-06-08 00:00:00
1344,29,0,0,June,2,6,2014,2014-06-29 00:00:00
1345,7,1,0,October,4,10,2013,2013-10-07 00:00:00
1346,9,0,0,January,1,1,2011,2011-01-09 00:00:00
1347,11,0,0,December,4,12,2011,2011-12-11 00:00:00
1348,26,6,1,February,1,2,2011,2011-02-26 00:00:00
1349,28,5,1,January,1,1,2011,2011-01-28 00:00:00
1350,25,0,0,December,4,12,2011,2011-12-25 00:00:00
1351,9,6,1,April,2,4,2011,2011-04-09 00:00:00
1352,30,0,0,January,1,1,2011,2011-01-30 00:00:00
1353,27,0,0,May,2,5,2012,2012-05-27 00:00:00
1354,6,6,1,October,4,10,2012,2012-10-06 00:00:00
1355,10,0,0,June,2,6,2012,2012-06-10 00:00:00
1356,1,0,0,April,2,4,2012,2012-04-01 00:00:00
1357,5,6,1,May,2,5,2012,2012-05-05 00:00:00
1358,28,0,0,July,3,7,2013,2013-07-28 00:00:00
1359,9,6,1,February,1,2,2013,2013-02-09 00:00:00
1360,10,0,0,February,1,2,2013,2013-02-10 00:00:00
1361,12,5,1,April,2,4,2013,2013-04-12 00:00:00
1362,6,0,0,October,4,10,2013,2013-10-06 00:00:00
1363,8,0,0,September,3,9,2013,2013-09-08 00:00:00
1364,12,0,0,October,4,10,2014,2014-10-12 00:00:00
1365,11,0,0,May,2,5,2014,2014-05-11 00:00:00
1366,1,0,0,June,2,6,2014,2014-06-01 00:00:00
1367,7,0,0,September,3,9,2014,2014-09-07 00:00:00
1368,25,0,0,May,2,5,2014,2014-05-25 00:00:00
1369,19,0,0,October,4,10,2014,2014-10-19 00:00:00
1370,12,0,0,January,1,1,2014,2014-01-12 00:00:00
1371,16,0,0,October,4,10,2011,2011-10-16 00:00:00
1372,17,0,0,July,3,7,2011,2011-07-17 00:00:00
1373,11,5,1,February,1,2,2011,2011-02-11 00:00:00
1374,19,4,0,July,3,7,2012,2012-07-19 00:00:00
1375,24,5,1,February,1,2,2012,2012-02-24 00:00:00
1376,19,0,0,August,3,8,2012,2012-08-19 00:00:00
1377,21,6,1,January,1,1,2012,2012-01-21 00:00:00
1378,4,6,1,February,1,2,2012,2012-02-04 00:00:00
1379,26,0,0,August,3,8,2012,2012-08-26 00:00:00
1380,24,0,0,June,2,6,2012,2012-06-24 00:00:00
1381,15,0,0,July,3,7,2012,2012-07-15 00:00:00
1382,11,0,0,March,1,3,2012,2012-03-11 00:00:00
1383,27,6,1,July,3,7,2013,2013-07-27 00:00:00
1384,27,0,0,October,4,10,2013,2013-10-27 00:00:00
1385,5,0,0,May,2,5,2013,2013-05-05 00:00:00
1386,13,0,0,January,1,1,2013,2013-01-13 00:00:00
1387,29,0,0,December,4,12,2013,2013-12-29 00:00:00
1388,19,6,1,October,4,10,2013,2013-10-19 00:00:00
1389,19,0,0,January,1,1,2014,2014-01-19 00:00:00
1390,27,0,0,February,1,2,2011,2011-02-27 00:00:00
1391,8,0,0,December,4,12,2013,2013-12-08 00:00:00
1392,9,0,0,February,1,2,2014,2014-02-09 00:00:00
1393,24,0,0,July,3,7,2011,2011-07-24 00:00:00
1394,9,0,0,September,3,9,2012,2012-09-09 00:00:00
1395,3,0,0,June,2,6,2012,2012-06-03 00:00:00
1396,25,0,0,November,4,11,2012,2012-11-25 00:00:00
1397,7,0,0,December,4,12,2014,2014-12-07 00:00:00
1398,8,0,0,January,1,1,2012,2012-01-08 00:00:00
1399,12,0,0,February,1,2,2012,2012-02-12 00:00:00
1400,29,0,0,January,1,1,2012,2012-01-29 00:00:00
1401,6,0,0,March,1,3,2011,2011-03-06 00:00:00
1402,23,0,0,January,1,1,2011,2011-01-23 00:00:00
1403,12,0,0,June,2,6,2011,2011-06-12 00:00:00
1404,2,0,0,December,4,12,2012,2012-12-02 00:00:00
1405,6,0,0,May,2,5,2012,2012-05-06 00:00:00
1406,29,0,0,July,3,7,2012,2012-07-29 00:00:00
1407,18,0,0,November,4,11,2012,2012-11-18 00:00:00
1408,23,0,0,September,3,9,2012,2012-09-23 00:00:00
1409,17,0,0,June,2,6,2012,2012-06-17 00:00:00
1410,14,0,0,October,4,10,2012,2012-10-14 00:00:00
1411,17,0,0,March,1,3,2013,2013-03-17 00:00:00
1412,7,0,0,July,3,7,2013,2013-07-07 00:00:00
1413,24,0,0,March,1,3,2013,2013-03-24 00:00:00
1414,18,0,0,August,3,8,2013,2013-08-18 00:00:00
1415,20,0,0,October,4,10,2013,2013-10-20 00:00:00
1416,6,0,0,January,1,1,2013,2013-01-06 00:00:00
1417,13,0,0,October,4,10,2013,2013-10-13 00:00:00
1418,18,0,0,May,2,5,2014,2014-05-18 00:00:00
1419,15,0,0,April,2,4,2012,2012-04-15 00:00:00
1420,20,0,0,January,1,1,2013,2013-01-20 00:00:00
1421,19,0,0,June,2,6,2011,2011-06-19 00:00:00
1422,24,0,0,April,2,4,2011,2011-04-24 00:00:00
1423,6,0,0,February,1,2,2011,2011-02-06 00:00:00
1424,5,0,0,June,2,6,2011,2011-06-05 00:00:00
1425,13,0,0,February,1,2,2011,2011-02-13 00:00:00
1426,30,0,0,September,3,9,2012,2012-09-30 00:00:00
1427,16,0,0,March,1,3,2014,2014-03-16 00:00:00
1428,28,0,0,April,2,4,2013,2013-04-28 00:00:00
1429,21,0,0,April,2,4,2013,2013-04-21 00:00:00
1430,15,0,0,January,1,1,2012,2012-01-15 00:00:00
1431,20,0,0,July,3,7,2014,2014-07-20 00:00:00
1432,26,0,0,February,1,2,2012,2012-02-26 00:00:00
1433,4,0,0,March,1,3,2012,2012-03-04 00:00:00
1434,17,0,0,April,2,4,2011,2011-04-17 00:00:00
1435,21,0,0,October,4,10,2012,2012-10-21 00:00:00
1436,13,0,0,March,1,3,2011,2011-03-13 00:00:00
1437,3,6,1,January,1,1,2015,2015-01-03 00:00:00
1438,1,4,0,January,1,1,2015,2015-01-01 00:00:00
1439,2,0,0,February,1,2,2014,2014-02-02 00:00:00
1440,2,5,1,January,1,1,2015,2015-01-02 00:00:00
1441,19,0,0,February,1,2,2012,2012-02-19 00:00:00
1442,26,0,0,October,4,10,2014,2014-10-26 00:00:00
1443,3,0,0,July,3,7,2011,2011-07-03 00:00:00
1444,22,0,0,July,3,7,2012,2012-07-22 00:00:00
1445,18,0,0,December,4,12,2011,2011-12-18 00:00:00
1446,1,0,0,January,1,1,2012,2012-01-01 00:00:00
1447,28,0,0,August,3,8,2011,2011-08-28 00:00:00
1448,10,0,0,August,3,8,2014,2014-08-10 00:00:00
1449,14,0,0,August,3,8,2011,2011-08-14 00:00:00
1450,23,0,0,October,4,10,2011,2011-10-23 00:00:00
1451,3,0,0,November,4,11,2013,2013-11-03 00:00:00
1452,20,0,0,February,1,2,2011,2011-02-20 00:00:00
1453,17,0,0,February,1,2,2013,2013-02-17 00:00:00
1454,29,0,0,May,2,5,2011,2011-05-29 00:00:00
1455,18,0,0,March,1,3,2012,2012-03-18 00:00:00
1456,24,0,0,February,1,2,2013,2013-02-24 00:00:00
1457,25,0,0,March,1,3,2012,2012-03-25 00:00:00
1458,5,1,0,January,1,1,2015,2015-01-05 00:00:00
1459,10,0,0,April,2,4,2011,2011-04-10 00:00:00
1460,4,0,0,January,1,1,2015,2015-01-04 00:00:00
1461,4,0,0,September,3,9,2011,2011-09-04 00:00:00
1462,1,0,0,May,2,5,2011,2011-05-01 00:00:00
1463,10,0,0,July,3,7,2011,2011-07-10 00:00:00
1464,20,0,0,March,1,3,2011,2011-03-20 00:00:00
1465,6,2,0,January,1,1,2015,2015-01-06 00:00:00
1466,7,3,0,January,1,1,2015,2015-01-07 00:00:00
1467,8,0,0,April,2,4,2012,2012-04-08 00:00:00
